Nissan	Treo Nissan	New Delhi	South Delhi		Vasant Kunj	011-33057265	8860086760	Car	"Bawa Pottries Complex, Aruna Asaf Ali Marg, Vasant Kunj, New New Delhi Delhi - 110070"	"Bawa Pottries Complex, Aruna Asaf Ali Marg"		110070	Dolly	Confirmed															Nissan	Kaizen Nissan	New Delhi	South Delhi		Okhla Industrial Area	011-49514951	NA	Car	"D-12, Phase-I, Okhla Industrial Area, South Delhi Delhi - 110020"	"D-12, Phase-I"		110020	Reshma	Confirmed															Nissan	Kaizen Nissan	New Delhi	West Delhi		MOTI NAGAR	011-49787000	7042799850	Car	"10A, SHIVAJI MARG, MOTI NAGAR, NEW DELHI - 110015"	"10A, SHIVAJI MARG"		110015	Megha	Confirmed															Nissan	Libra Nissan	New Delhi	West Delhi	Tuesday	Mundka Industrial Area	NA	9868820172	Car	"Khasra #89(9), Gali #12, Mundka Industrial, Delhi West- 110041"	"Khasra #89(9), Gali #12"		110041	Komal	Confirmed															Nissan	Unity Nissan	New Delhi	North Delhi		BADLI INDUSTRIAL AREA	011-71744971	8860605431	Car	"CN-35, BADLI BAWANA ROAD, BADLI INDUSTRIAL AREA, NEAR DELHI ENGINEERING COLLEGE, DELHI - 110085"	"CN-35, BADLI BAWANA ROAD"	NEAR DELHI ENGINEERING COLLEGE	110085	Gurpreet	Confirmed															Nissan	Sterling Nissan	Gurgaon	Gurgaon		SECTOR-18	NA	8743000021	Car	"PLOT NO GP-11, HUDA INDUSTRIAL AREA, SECTOR-18 , GURGAON - 122015, HARYANA GURGAON 122015"	"PLOT NO GP-11, HUDA INDUSTRIAL AREA"		122015	Jyoti	Confirmed															Nissan	Zedex Nissan	Ghaziabad	East Delhi	Tuesday	SAHIBABAD	0120-4355666	NA	Car	"39/3 SITE IV, INDUSTRIAL AREA, SAHIBABAD, GHAZIABAD - 201011, UP"	"39/3 SITE IV, INDUSTRIAL AREA"		201011	Nidhi	Confirmed															Nissan	GS Nissan	Ghaziabad	East Delhi		MEERUT ROAD INDUSTRIAL AREA	0120-2833202	NA	Car	"C-47, MEERUT ROAD, C-34, MEERUT ROAD IND - AREA, GHAZIABAD - 201001, UP"	"C-47, MEERUT ROAD"		201001		TBD															Nissan	Neo Nissan 1	Noida	Noida	Tuesday	SECTOR 63	0120-4009900	8588870770	Car	"D 48, SECTOR 63, NOIDA - 201303, UP"	D-48		201303	Vikrant	Confirmed															Nissan	Neo Nissan 2	Noida	Noida	Wednesday	SECTOR 3	NA	8527995502	Car	"PLOT NO C-26, SECTOR 3, NOIDA - 201301, UP"	PLOT NO C-26		201301	Seema	Confirmed															Nissan	BM Nissan	Faridabad	Faridabad		MAIN MATHURA ROAD	0129-4260606	8585977741	Car	"14/6 MILESTONE, MAIN MATHURA ROAD, FARIDABAD - 121003, HARYANA"	14/6 MILESTONE		121003	Anju	Confirmed															Renault	Renault Rama Road	New Delhi	West Delhi		Moti Nagar	8588838056	8860606064	Car	"16, Rama Road, Moti Nagar, New Delhi 1110015"	"16, Rama Road"		110015	Param Dayal	Confirmed															Renault	Renault Mathura Road	New Delhi	South Delhi		Mohan Co-Operative Industrial Estate	NA	NA	Car	"A-10, Mohan Co-Operative Industrial Estate, Mathura Road, New Delhi 122001"	A-10		122001		TBD															Renault	Renault South Delhi	New Delhi	South Delhi		Okhla Industrial Area Phase 1	011-49237777	NA	Car	"F-2/4, Okhla Industrial Area Phase 1, New Delhi 110020"	F-2/4		110020	Gitanjali	Confirmed															Renault	Renault Gurgaon	Gurgaon	Gurgaon		Sector 37	0124-4933305	8800991656	Car	"Plot No 554, Pace City - II, Sector 37, Near Hero Honda Chowk Gurgaon 122001"	"Plot No 554, Pace City - II"	Near Hero Honda Chowk Gurgaon	122001	Ruchika	Confirmed															Renault	Renault Atul Kataria Chowk	Gurgaon	Gurgaon		Atul Kataria Chowk	NA	8506080800	Car	"Atul Kataria Chowk, Old Delhi-Gurgaon Road, Gurgaon 122001"	NA		122001	Rakesh	Confirmed															Renault	Renault Ghaziabad	Ghaziabad	East Delhi		Industrial Area Ghaziabad	NA	8588860704	Car	"A 13/17, Site 3, Meerut Road, Industrial Area Ghaziabad 201001"	"A-13/17, Site 3, Meerut Road"		201001	Meenaxi	Confirmed															Renault	Renault Noida	Noida	Noida		Sector - 2	0120-4050000	7065002727	Car	"A 79, Sector - 2, Noida 201301"	A 79		201301	Sheena	Confirmed															Renault	Renault Noida	Greater Noida	Noida		Sector 63	120-4716460	8588846865	Car	"Plot No. D-197, Sector 63 Noida 201301"	Plot No. D-197		201301	Varsha	Confirmed															Renault	Renault Faridabad	Faridabad	Faridabad		Mathura Road	0129-4241000	8826079999	Car	"14/5, Mathura Road, Near SRS towers, Faridabad 121003"	14-May	Near SRS towers	121003	Neha	Confirmed															Skoda	Fahrenheit Automobiles	New Delhi	West Delhi		Moti Nagar	011-40844084	9811888814	Car	"68/3, Najafgarh Road, Moti Nagar, Delhi West - 110015"	"68/3, Najafgarh Road"		110015	Radha	Confirmed															Skoda	Satman (Fahrenheit) Automobiles	New Delhi	South Delhi		Okhla phase 1	011-40824082	9582224334	Car	"D-11, Okhla phase 1, New delhi - 110020"	D-11		110020	Komal	Confirmed															Skoda	Jai Auto	New Delhi	South Delhi		Mohan Co-operative Industrial Estate	011-45877777	9311279573	Car	"A-10, Mohan Co-operative Industrial Estate, Mathura Road, New Delhi. Pin: 110044"	A-10		110044	Ritu	Confirmed															Skoda	Giriraj Motors	Gurgaon	Gurgaon		Chandan Nagar	0124-4762700	9313511950	Car	"Opp. JMD Pacific Square, Near 32nd milestone, Sector-15, Part-II, Chandan Nagar, Gurgaon 122001"	"Opp. JMD Pacific Square, Sector-15, Part-II"	Near 32nd milestone	122001		Confirmed															Skoda	Nawab Motors	Noida	Noida		Sector 11	NA	7838969627	Car	"Plot No. W9, HCL head office road, Sector 11, Noida, UP, Noida - 201301"	"Plot No. W9, HCL head office road"		201301	Priyanka	Confirmed															Volkswagen	Volkswagen Delhi East - Atrica Automobiles PVT LTD	Noida	Noida		Sector-63	011-4062000	9582229182	Car	"D-197, Sector-63, Noida"	D-197		NA		TBD															Volkswagen	Volkswagen Delhi Metropolitan - Frontier Autoworld Pvt. Ltd.	New Delhi	South Delhi		Mohan Cooperative Industrial Estate	011-45252222	8376803848	Car	"J3, B1, Extension, Mohan Cooperative Industrial Estate"	"J3, B1, Extension"		NA	Tulsi	Confirmed															Volkswagen	Volkswagen Ring Road - World Class Automobiles Pvt. Ltd.	New Delhi	West Delhi		Moti Nagar 	011-45340002	9654242202	Car	"68/3, Najafgarh Road, Near Moti Nagar, Near Kirti Nagar Metro Station"	"68/3, Najafgarh Road"	Near Kirti Nagar Metro Station	NA	Aditi	Confirmed															Volkswagen	Volkswagen Ring Road 2 - World Class Automobiles Pvt. Ltd.	New Delhi	West Delhi		"Naraina Industrial Area, Phase-1"	NA	9899709359	Car	"A78, Naraina Industrial Area, Phase-1, Nearby Payal PVR or Fire Station"	A78	Nearby Payal PVR or Fire Station	NA	Lina	Confirmed															Volkswagen	Volkswagen Gurgaon - Frontier Autoworld Pvt. Ltd.	Gurgaon	Gurgaon		Sector-52A	0124-2575400	9540820888	Car	"Khasra No. 2482-84, sector-52A, Wazirabad, (Nr. Aardee City, Gate No.2 Road)"	"Khasra No. 2482-84, Wazirabad"	"Nr. Aardee City, Gate No.2 Road"	NA	Suman	Confirmed															Volkswagen	Volkswagen Delhi North - Globus Cars Pvt. Ltd.	New Delhi	North Delhi		Main G.T. Karnal Rod	011 - 49222000	9582600639	Car	"34 SSI Industrial Area, Main G.T. Karnal Rod, Near Jahangir Puri Metro Station"	"34, SSI Industrial Area"	Near Jahangir Puri Metro Station	NA	Gunjan	Confirmed															Volkswagen	Volkswagen Capital - Automark Motors Pvt. Ltd.	New Delhi	South Delhi		Mohan Cooperative Industrial Estate	011 - 66309500	8377902397	Car	"A/ 39, Mohan Cooperative Industrial Estate, Mathura Road, Opp. Sarita Vihar"	A/39	Opp. Sarita Vihar	NA	Jaya	Confirmed															Volkswagen	Volkswagen Noida - Viraj automobiles pvt. Ltd.	Noida	Noida		Sector-6	0120-4069900	9582226979	Car	"A-18 sector-6, Noida - 201301"	A-18		201301	Sunil	Confirmed															Toyota	Espirit Toyota	New Delhi	South Delhi		Mohan Cooperative Industrial Estate	011-66274025	9643200203	Car	"A-34, Mathura Road, Mohan Cooperative Industrial Estate, Mathura Road, New Delhi - 110044"	A-34		110044	Jayanti	Confirmed															Toyota	Galaxy Toyota	New Delhi	South Delhi		Okhla Industrial Area Phase-1	011-47333888	NA	Car	"B-43, Okhla Industrial Area Phase-1, Delhi 110020"	B-43		110020	Meenaxi	Confirmed															Toyota	Galaxy Toyota	New Delhi	North Delhi		G.t Karnal Road	011-40099999	NA	Car	"Plot No.5, Galaxy Automobiles, G.t Karnal Road, Rajasthani Udyog Nagar, New Delhi - 110033"	"Plot No.5, Rajasthani Udyog Nagar"		110033	Deepak	Confirmed															Toyota	Galaxy Toyota	New Delhi	West Delhi		Moti Nagar	011-41466666	NA	Car	"69/1a, Najafgarh Road Moti Nagar Crossing, Delhi 110015"	"69/1a, Najafgarh Road "		110015	Akansha	Confirmed															Toyota	Grace Toyota	Gurgaon	Gurgaon		"Begampur Khatola, Sector 35"	0124-4687849	9560414488	Car	"39Th Mile Stone, Sector 35, Delhi -Jaipur Highway, Begampur Khatola, Near Shani Mandir, Gurgaon-122001"	"39Th Mile Stone, Delhi -Jaipur Highway"	Near Shani Mandir	122001	Shabana	Confirmed															Toyota	Mgf Toyota	Gurgaon	Gurgaon		Mehrauli Road	9871389287	9810250042	Car	"10, IDC Opp. Sector-14 Mehrauli Road Gurgaon-122006"	"10, IDC"	Opp. Sector-14	122006	Neetu	Confirmed															Toyota	Mgf Toyota	Gurgaon	Gurgaon		Daulatabad Industrial Area	9871389287	8527691908	Car	"Plot No.10, Daulatabad Industrial Area, Gurgaon-122006"	Plot No.10		122006	Harikishan	Confirmed															Toyota	Mgf Toyota	Gurgaon	Gurgaon		Village & Post Office Dundahera	0124-4603333	9560395660	Car	Village & Post Office Dundahera Gurgaon-122016	NA		122016	Sohan Kumar	Confirmed															Toyota	Uttam Toyota	Ghaziabad	Ghaziabad		"Industrial Area, Sahibabad"	0124-4000900	NA	Car	"The Standard Type Foundry Pvt. Ltd., B-35, Site-IV, Industrial Area, Sahibabad, Ghaziabad - 201010"	"The Standard Type Foundry Pvt. Ltd., B-35, Site-IV"		201010		TBD															Toyota	Uttam Toyota	Ghaziabad	Ghaziabad		Meerut Road Industrial Area	0124-4000900	NA	Car	"A11, Meerut Road Industrial Area, Ghaziabad"	A11		NA		TBD															Toyota	Espirit Toyota	Noida	Noida		Sector 8	0120-4884050	9654666903	Car	"Opposite HCL, Plot No D-11, Sector 8, Noida 201301"	Plot No D-11	Opposite HCL	201301	Vibhuti	Confirmed															Toyota	Espirit Toyota	Noida	Noida	Tuesday	Gautam Budh Nagar	0120-4973019	7835000160	Car	"D-37 & 38 Industrial Area, Site-IV, Surajpur Kasna, Greater Noida Gautam Budh Nagar Noida-201306"	"D-37 & 38 Industrial Area, Site-IV, Surajpur Kasna"		201306	Priyanka	Confirmed															Toyota	Uttam Toyota	Noida	Noida		Sector - 63	0120-4000900	NA	Car	"The Standard Type Foundry Pvt. Ltd. H-3 , Sector - 63, Noida-201304"	"The Standard Type Foundry Pvt. Ltd., H-3"		201304	Radha	Confirmed															Toyota	Thirty Six Toyota	Faridabad	Faridabad		Main Mathura Road	0129-4293636	8800796464	Car	"Thirty Six automobiles Pvt. Ltd. 14/7 Milestone, Main Mathura Road, Faridabad-121003"	14/7 Milestone		121003	Jyoti	Confirmed															Tata	AUTOVIKAS SALES & SERVICE PVT. LTD.	New Delhi	South Delhi		OKHLA INDUSTRIAL AREA PHASE 1	8826996151	8826996092	Car	"B-239, PHASE 1, OKHLA INDUSTRIAL AREA"	B-239		NA	Nisha	Confirmed															Tata	AUTOVIKAS SALES & SERVICE PVT. LTD.	New Delhi	West Delhi	Monday	NAJAFGARH ROAD	011-42070707	8826996182	Car	12A SHIVAJI MARG NAJAFGARH ROAD NEW DELHI 110015	"12A, SHIVAJI MARG"		110015	Sandeep	Confirmed															Tata	AUTOVIKAS SALES & SERVICE PVT. LTD.	New Delhi	West Delhi	Monday	RAJA PURI	011-42070707	8826996165	Car	"K-1/36, RAJA PURI, MATIALA ROAD , OPP. DWARKA SEC, 5 N. DELHI-75"	"K-1/36, MATIALA ROAD"	"OPP. DWARKA SEC, 5"	110075	Sandeep	Confirmed															Tata	CONCORDE MOTORS INDIA LIMITED	New Delhi	South Delhi		TUGHLAKABAD RAILWAY COLONY	011-42224777	NA	Car	"76C-1, TUGHLAKABAD, RAILWAY COLONY, MATHURA ROAD"	"76C-1, MATHURA ROAD"		NA		TBD															Tata	CONCORDE MOTORS INDIA LIMITED	New Delhi	East Delhi		PATPARGANJ INDUSTRIAL AREA	011-45334500	7042796620	Car	"338, F.I.E., PATPARGANJ INDUSTRIAL AREA"	"338, F.I.E."		NA	Monica	Confirmed															Tata	Hitech Car Masters	New Delhi	West Delhi	Tuesday	Vikaspuri	011-43334334	9999995030	Car	"Plot No. 45-46-48, B Block, Keshopur Industrial Area, Opposite Bharat Petroleum Pump, Vikaspuri"	"Plot No. 45-46-48, B Block, Keshopur Industrial Area"	Opposite Bharat Petroleum Pump	NA	Rekha	Confirmed															Tata	Magna Motors	New Delhi	East Delhi		Shahdra	011-22816252	9811132154	Car	"C-185, Wazirabad Main Road, East Gokulpur,Shahdra-110094"	"C-185, Wazirabad Main Road, East Gokulpur"		110094	Vinod Sharma	Confirmed															Tata	Malwa Automobiles	New Delhi	North Delhi		Rajasthani Udyog Nagar	NA	8744066117	Car	"29, Rajasthani Udyog Nagar, Street #2, Opposite Jehangirpuri Metro, Pillar #123, Delhi"	"29, Street #2"	"Opposite Jehangirpuri Metro, Pillar #123"	NA	Seema	Confirmed															Tata	Narain Singh & Sons	New Delhi	North Delhi		SMA Industrial Estate	011 47069111	011-33726112	Car	"D-34, Sma Industrial Estate"	D-34		NA		TBD															Tata	Rachna Motors	New Delhi	North Delhi		Badli Industrial Area Ph 2	011-27854213	9717995549	Car	"B 8/1, Badli Industrial Area Ph 2"	B-8/1		NA		TBD															Tata	Raghuvanshi Motors	New Delhi	East Delhi	Tuesday	Jhilmil	011-22594559	9910830135	Car	Opposite Jhilmil Metro Station	NA	Opposite Jhilmil Metro Station	NA	Madhu	Confirmed															Tata	Rawat Motors	New Delhi	West Delhi	Friday	Peeragarhi Chowk	011-25278931	9250688396	Car	"D-192, Rohtak Road, Peeragarhi Chowk, Delhi-110087"	"D-192, Rohtak Road"		110087	Rakesh	Confirmed															Tata	Tuli Motors	New Delhi	West Delhi		WAZIRPUR INDUSTRIAL AREA	011-49333999	9717300601	Car	"B 72/4, WAZIRPUR INDUSTRIAL AREA"	B-72/4		NA	Sarita	Confirmed															Tata	DHINGRA MOTORS PVT. LTD.	Gurgaon	Gurgaon		M.G. ROAD 	0124 - 2221571 / 2221971 / 3728	NA	Car	"PLOT NO. 5, IDC INDUSTRIAL AREA, M.G. ROAD OPPOSITE SECTOR 14"	"PLOT NO. 5, IDC INDUSTRIAL AREA"	OPPOSITE SECTOR 14	NA		TBD															Tata	ARISTO MOTOR PVT. LTD.	Gurgaon	Gurgaon		GURGAON VILLAGE	0124 - 6555733	NA	Car	"KHASRA NO. 13850/7257/2789/2/2, GURGAON VILLAGE BEHIND BHARAT PETROLEUM PETROL PUMP, SHEETLA MATA MANDIR ROAD"	KHASRA NO. 13850/7257/2789/2/2	"BEHIND BHARAT PETROLEUM PETROL PUMP, SHEETLA MATA MANDIR ROAD"	NA		TBD															Tata	TRIUMPH AUTO ENGG PVT LTD-3083058	Gurgaon	Gurgaon		KHANDSA	"0124-2215144, 2215366/01"	9250001412	Car	"38 MILES STONE, DELHI JAIPUR HIGHWAY KHANDSA , GURGAON"	"38 MILES STONE, DELHI JAIPUR HIGHWAY"		NA		TBD															Tata	GURGAON CAR SCANNERS	Gurgaon	Gurgaon		SOUTH CITY-1	0124-3252015	9818652000	Car	ASHOK MARG PLOT NO. 5 SOUTH CITY-1	"PLOT NO. 5, ASHOK MARG"		NA		TBD															Tata	DELTA VEHICLE SUPPORT PVT LTD - 3084790	Gurgaon	Gurgaon		"SECTOR - 52, WAZIRABAD"	"0124-2342262/63/64, 0124-4740212"	9711597661	Car	"K. NO. 1598, OPPOSITE TAU DEVILAL PARK ADJOINING GREEN HOME SOCIETY, SECTOR - 52, WAZIRABAD, GURGAON"	K. NO. 1598	OPPOSITE TAU DEVILAL PARK ADJOINING GREEN HOME SOCIETY	NA		TBD															Tata	TRANS AUTOMOBILES	Faridabad	Faridabad		BADARPUR BORDER	0129-2273006/4145608	9891239993	Car	"12,MATHURA ROAD BADARPUR BORDER"	"12, MATHURA ROAD"		NA		TBD															Tata	TAYAL INDIA MOTORS PVT LTD	Faridabad	Faridabad		MATHURA ROAD	0129-4180500	NA	Car	"15/3, MATHURA ROAD FARIDABAD"	15-Mar		NA		TBD															Tata	URMIL MOTORS	Faridabad	Faridabad		NEHRU NAGAR	0120-4627777 / 88	NA	Car	VASANT CINEMA COMPOUND NEHRU NAGAR	VASANT CINEMA COMPOUND 		NA		TBD															Tata	URMIL MOTORS	Faridabad	Faridabad		SAHIBABAD	0120-4577677	NA	Car	"ADJACENT TO HOTEL COUNTRY INN 64 / 6 / 2, SITE IV INDL. AREA, LINK ROAD, SAHIBABAD"	"64 / 6 / 2, SITE IV INDL. AREA, LINK ROAD"	ADJACENT TO HOTEL COUNTRY INN 	NA		TBD															Tata	PARAS MOTORS	Faridabad	Faridabad		"VILLAGE ACHAZA, HAPUR"	NA	NA	Car	"NEAR NIZAMPUR BY-PASS VILL. ACHAZA, DELHI ROAD, HAPUR"	"NEAR NIZAMPUR BY-PASS, DELHI ROAD"		NA		TBD															Tata	JAI AUTOMOBILES	Faridabad	Faridabad		GT ROAD INDUSTRIAL AREA	0120-2841033	9810133860/50	Car	NH-24 G-1 SOUTH SIDE GT ROAD INDUSTRIAL AREA	NH-24 G-1 SOUTH SIDE 		NA		TBD															Tata	AYUSH MOTORS	Noida	Noida		SECTOR 63	0120-4294813	8800991081/82	Car	D-301 SECTOR 63 NOIDA	D-301 		NA		TBD															Tata	DYNAMIC AUTOMOBILES	Noida	Noida		SECTOR-64	0120-2402106	NA	Car	A-25 SECTOR-64	A-25 		NA		TBD															Tata	DEEP AUTOMOBILES	Noida	Noida		Greater Dadri	0120-2569995	9899449995	Car	"MAIN SURAJPUR ROAD DEVELA GREATER NOIDA, NOIDA DADRI, HIGHWAY"	MAIN SURAJPUR ROAD DEVELA 		NA		TBD															Tata	OBEROI CARS PVT. LTD.	Noida	Noida		SECTOR 1	0120 - 4577777	NA	Car	C-12 SECTOR 1	C-12 		NA		TBD															Hyundai	Autoweb Hyundai	Delhi	West Delhi		Industrial Area Moti Nagar	011-40130000	"8826850999, 8826998159"	Car	"B-38, Rama Road, Industrial Area Moti Nagar-15. Near Radha Palace Banquet Hall."		Near Radha Palace Banquet Hall	110015	Aarti	Confirmed															Hyundai	Elroy Hyundai	Delhi	South Delhi		Okhla Industrial Area	1141940000	8527399222	Car	"Workshop A2, Okhla Industrial Area, Okhla, Delhi - 110020"			110020	Neetu	Confirmed															Hyundai	Libra Hyundai	Delhi	West Delhi		"Najafgarh Road, Moti Nagar"	011-49812222	7042596618	Car	"69/3, Najafgarh Road, Moti Nagar Crossing, Opp. Moments Mall, New Delhi"		Opp. Moments Mall	NA	Tina / Saurav	Confirmed															Hyundai	Samara Hyundai	Delhi	West Delhi		Mayapuri Industrial Area	011-46320000	9871154444/ 981870704	Car	"Shop No B-18, Mayapuri Industrial Area Phase I, Delhi - 110064, Near Golden Gate Banquet"		Near Golden Gate Banquet	110064	Suman	Confirmed															Hyundai	Sunrise Hyundai	Delhi	East Delhi		I.P. Extension	011 - 66199666	8800314567	Car	"Plot No.2, I.P. Extn. (Near Mother Dairy Plant) Opp.Pandav Nagar, New Delhi 110092"		Mother Dairy Plant	110092	NA	Confirmed															Hyundai	Sunrise Hyundai 	Delhi	East Delhi		Patparganj Industrial Area	011-43002900	98719 52262	Car	"Plot No.-376, Patparganj Indl Area Delhi 110 092 - Near Hdfc"		Near HDFC	110092	NA	Confirmed															Hyundai	Sikka Hyundai	Delhi	West Delhi		Mayapuri Industrial Area		9650108073/ 30	Car	"B-88/1, Mayapuri Industrial Area, Near Police Station, Mayapuri, New Delhi 110064"		Near Police Station	110064	NA	Confirmed															Hyundai	Himgiri Hyundai	Delhi	North West delhi		Wazirpur Industrial Area	011-27376001/6	9871111334 / 8527297008	Car	"B-99, Wazirpur Industrial Area New Delhi-110 052, India, All Heavens"			110052	NA	Confirmed															Hyundai	Himgiri Hyundai	Delhi	East Delhi		Jhilmil Indl Area		9910047813/ 8800596104/ 103	Car	"Address: A-9/1, Jhilmil Indl Area Near By Dilshad Garden Metro Station"		Dilshad Garden Metro Station	NA	NA	Confirmed															Hyundai	Hans Hyundai	Delhi	West Delhi		"Najafgarh Road, Moti Nagar"	40683100	9811462173 / 8447754585	Car	"69/1-A, Najafgarh Road, Moti Nagar, New Delhi Ð15"			110015	NA	Confirmed															Hyundai	Gymkhana Services Station	Delhi	South Delhi		Race Course Road	011 23018904		Car	"Kemal Ataturk Marg, Near Pm House, Near Race Course Road Opp. Gymkh, New Delhi, Delhi 110003"		Near PM House opp. Gymkhana	110003	NA	Confirmed															Hyundai	Ashok Motors	Delhi	East Delhi		"Bhagirathi Vihar, Opp. Yamuna Vihar"		8130800994	Car	"Shed No. 2, Manraj Complex, 1/108, Bhagirathi Vihar, Opp. Yamuna Vihar C Block New Delhi,Delhi - 110094"		Opp. Yamuna Vihar C Block	110094	Rakhi	Confirmed															Hyundai	Metro Automobiles	Delhi	South Delhi		Okhla Industrial Area Phase - I		9560214777/ 9560221777	Car	"F - 90/13, Okhla Industrial Area Phase - I, Near Esi Hospital New Delhi,Delhi -"		Near Esi Hospital	NA		Confirmed															Hyundai	Samara Hyundai	Delhi	West Delhi		Kirti Nagar Ind. Area	011-49399000	9818745151	Car	7/20 Kirti Nagar Ind. Area Near Furniture Market		Near Furniture Market	NA		Confirmed															Hyundai	Rama Motor Services Pvt Ltd	Delhi	South West delhi		Vasant Kunj		8375916044 / 9999598137	Car	"Bawa Potteries Industrial Complex, Aruna Asaf Ali Marg, Near Fortis Hospital, Vasant Kunj, New Delhi, Delhi - 110070"		Near Fortis Hospital	110070		Confirmed															Hyundai	Hans Hyundai	Delhi	North West delhi		"Badli Indu. Area, Rohini"	43184000	8447732761	Car	"M-22, Badli Indu. Area, Phase-I, Opp. Sector-18, Rohini, Delhi Ð42"		Opp. Sector-18	110042	NA	Confirmed															Hyundai	Raj Super Service Station	Delhi	South West delhi		Nanak Pura Gurudwara Ring Road Moti Bagh		9312251406	Car	"Nanak Pura Gurudwara Ring Road Moti Bagh, New Delhi, Delhi 110021"			110021	NA	Confirmed															Hyundai	Unity Hyundai	Delhi	North West delhi		Rajasthan Udyog Nagar		9643332040	Car	"No-2 (A) Rajasthan Udyog Nagar,Industrial Area Street No 1Gt Karnal Road Delhi-110033"		Street No 1Gt Karnal Road	110033		Confirmed															Hyundai	Mool Chand Motors	Delhi	South West delhi		Basant Lok	011 26145924		Car	"Iocl Petrol Pump, Near Priya Cinema Basant Lok, Va , New Delhi, Delhi 110057"		Near Priya Cinema	110057		Confirmed															Hyundai	Safdarjung Service Station	Delhi	South Delhi		Safdarjung Road	011 23011478	9015418642	Car	"Safdarjung Road, New Delhi, Delhi 110003"			110003	Mr Madan	Confirmed															Hyundai	Hans Hyundai	Delhi	South West delhi	Monday	"Naraina Indu. Area, Phase-I"	47618300-08	9560294453	Car	"A-57, Naraina Indu. Area, Phase-I, Opp. Pvr Parking, New Delhi-28"		Near PVR	110028	NA	Confirmed															Hyundai	F-1 Motors Pvt Ltd	Delhi	North West delhi	Monday	"Jain Nagar Extn, Main Kanjahawala Road"	011-64646330	9711634262	Car	"Jain Nagar Extn, Main Kanjahawala Road, Opposite Balaji Mandir, New Delhi,Delhi - 110081"		Balaji Mandir	110081	Shruti	Confirmed															Hyundai	Deep Hyundai Service Station 2	Delhi	West Delhi	Sunday	Swarn Park Industrial Area		1145553555	Car	"72 - Swarn Park Industrial Area,Mundkapin :110041 , New Delhi, Delhi"			110041	NA	Confirmed															Hyundai	Deep Hyundai Service Station 3	Delhi	West Delhi	Thursday	"Mangolpuri Industrial Area, Phase 1"	1149555555	9999668842	Car	"T5/1 Mangolpuri Industrial Area, Phase 1, Opp Safal Industries"		Opp. Safal Industries	NA	NA	Confirmed															Hyundai	Deep Hyundai Service Station 1	Delhi	West Delhi	Tuesday	"Industrial Area,Peeragarhi"	1145550555	1145550555	Car	"K-1,Udyog Nagar Industrial Area,Peeragarhi Crossing, ,Rohtak Rdpin :110041 , New Delhi, Delhi"			110041	NA	Confirmed															Hyundai	Techno Hyundai	Delhi	West Delhi	Wednesday	"Nangli Sakrawati Indl. Area, Najafgarh"	011-39906700	9717690000	Car	"521, Nangli Sakrawati Indl. Area, Najafgarh, New Delhi | Near Metro Pillar No. 71-72"		Near Metro Pillar No. 71-72	NA	NA	Confirmed															Hyundai	Deep Hyundai Service Station	Delhi	West Delhi	Wednesday	"Nangli Sakrawati,Najafgarh"	1164786478	8860606036	Car	"Plot No 343,Nangli Sakrawati,Najafgarhpin :110041 , New Delhi, Delhi"			110041		Confirmed															Hyundai	Dee Emm Hyundai	Gurgaon	Gurgaon		IDC		8585978649	Car	A2/A3 Idc Opp Sector 14 Near Prem Motors		Opp Sector 14	NA		Confirmed															Hyundai	Superon Hyundai	Gurgaon	Gurgaon		Sector 37		7042311134	Car	"Plot No. - 106, Sector 37, Hero Honda Chowk"		Hero Honda Chowk	NA		Confirmed															Hyundai	Orion Hyundai	Gurgaon	Gurgaon		Sector 14	0124-4631111	8588891508	Car	Near Girls College Opp Kalyani Hospital Sector 14		Kalyani Hospital	NA	Nitu	Confirmed															Hyundai	Himgiri Hyundai	Gurgaon	Gurgaon		Sector 34	0124-4886634	8130193030	Car	Plot - 15/16 Sector 34 Gurgaon Near Hero Honda Chowk		Hero Honda Chowk	NA		Confirmed															Hyundai	Safdarjang Hyundai	Gurgaon	Gurgaon		"Udyog Vihar, Phase - 4"		9717692040	Car	"Plot No. - 255 , Udyog Vihar, Phase - 4, Shyam Chowk, N.H.- 8, Gurgaon, Haryana 122016"		"Shyam Chowk, N.H.- 8"	122016		Confirmed															Mahindra	Bhasin Motors	Delhi	South Delhi		Mohan Co. Industrial Area	011-40655555		Car	"A-13, Mohan Co. Industrial Area, New Delhi-110044"			110044		Confirmed															Mahindra	INDRAPRASTHA AUTOMOBILES PVT. LTD.	Delhi	North West Delhi		Industrial Area Wazirpur	011-49172206		Car	B72/3 Industrial Area Wazirpur			NA		Confirmed															Mahindra	KONCEPT AUTOMOBILES PVT. LTD.	Delhi	South Delhi		Main Mathura Road		9582213042	Car	A-40 Main Mathura Road Near Mohan Estate Metro Station		Near Mohan Estate Metro Station	NA	Chandni	Confirmed															Mahindra	SRI DURGA AUTOMOBILES	Delhi	West Delhi		Rama Road Indl. Area	011-49888888	9582158248	Car	"55 Rama Road Indl. Area, Motinagar, New Delhi"		Motinagar	NA		Confirmed															Mahindra	INDRAPRASTHA AUTOMOBILES PVT. LTD.	Delhi	North West delhi		"Siraspur, Bodyshop"			Car	"K- 282 Sirspur Near Gurdwara, Siraspur,New Delhi-110042"		Near Gurdwara	110042		TBD															Mahindra	INDRAPRASTHA AUTOMOBILES PVT. LTD.	Delhi	North West delhi		Wazirpur Industrial Area			Car	"B72/3, Wazirpur, New Delhi"			NA		TBD															Mahindra	BHASIN MOTORS (I) PVT. LTD.	Delhi	South Delhi		Mohan Co. Indusrtial Area			Car	"A-13, Mohan Co. Indusrtial Area, New Delhi"			NA		TBD															Mahindra	BHASIN MOTORS (I) PVT. LTD.	Delhi	West Delhi		Rama Road			Car	"B-56, Rama Road, New Delhi, 110015"			110015		TBD															Mahindra	INDRAPRASTHA AUTOMOBILES PVT. LTD.	Delhi	West Delhi		"Udhog Nagar, Peeragarhi"			Car	"F-6, Udhog Nagar, Peeragarhi, Delhi - 110063"			110063		TBD															Mahindra	INDRAPRASTHA AUTOMOBILES PVT. LTD.	Delhi	West Delhi		Rama Road			Car	"Plot No. 16, Rama Road, Near Kirti Nagar Metro Station, New Delhi"		Kirti Nagar Metro Station	NA		TBD															Mahindra	KONCEPT AUTOMOBILES PVT. LTD.	Delhi	South Delhi		Mohan Co-Operative			Car	"A-40, Mohan Co-Operative Industrial Area, Mathura Road New Delhi"			NA		TBD															Mahindra	KONCEPT AUTOMOBILES PVT. LTD.	Delhi	South Delhi		Okhla Industrial Area			Car	"C-50, Okhla Industrial Area, Phase - Ii, New Delhi - 110020"			110020		TBD															Mahindra	KONCEPT AUTOMOBILES PVT. LTD.	Delhi	South Delhi		Mohan Co-Operative Industrial Estate			Car	"E5 Nb1, Mohan Co-Operative Industrial Estate, Mathura Road Near Kajaria Tiles, New Delhi"		Mathura Road Near Kajaria Tiles	NA		TBD															Mahindra	SKYLINE AUTOMOBILES	Delhi	Central Delhi		Jhandewalan Extn			Car	"1 E/11, Jhandewalan Extension, New Delhi - 110055"			110055		TBD															Mahindra	SKYLINE AUTOMOBILES	Delhi	South Delhi		Okhla Indusrtial Area			Car	"D15/1, Okhla Indusrtial Area, Phase Ii, New Delhi - 110020"			110020		TBD															Mahindra	SRI DURGA AUTOMOBILES	Delhi	West Delhi		Moti Nagar			Car	"(Div Of Lido Comm Co. Ltd.) 55 Rama Rd Indl. Area, Motinagar"		Rama Road	NA		TBD															Mahindra	GSP POWER SYSTEM PVT. LTD.	Gurgaon	Gurgaon		Village Begampur Khatola			Car	"Rect No 31, Kila No 8,Khasra No 31, Village Begampur Khatola, Behind Krishna Maruti, Gurgaon 122001"		Behind Krishna Maruti	122001		TBD															Mahindra	R. R. AUTOMOBILES	Gurgaon	Gurgaon		Sector 52			Car	"Wazirabad Village Sec-52, Plot No. 1575 Gurgaon - 122003"		Wazirabad Village	122003		TBD															Mahindra	SANJAY AUTOMOTIVE	Gurgaon	Gurgaon		Sector 17/18 Road			Car	"Old Delhi Rd, Sec 17-18, Nr Notting Hills Farm House, Gurgaon, Haryana"		Near Notting Hills Farm House	NA		TBD															Mahindra	STERLING MOTORS CO.	Gurgaon	Gurgaon		Sector 18			Car	"Gp-11, Hsidc Industrial Estate, Sector 18, Gurgaon, Haryana - 122015"		Hsidc Industrial Estate	122015		TBD															Mahindra	STERLING MOTORS CO.	Gurgaon	Gurgaon		Sector 17/18 Road			Car	"Sec 17/18 Road, Behind Pasco Body Shop, Sahraul, Gurgaon -122015"		Behind Pasco Body Shop	122015		TBD															Mahindra	TIGER EYE VEHICLE SERVICES PVT LTD	Gurgaon	Gurgaon		Sector 34			Car	"Plot No 25, Sector 34, Gurgaon - 122001"			122001		TBD															Chevrolet	Autovikas Sales & Services	Delhi	West Delhi	Monday	Moti Nagar	42070791-92	8826996182	Car	"26/3&4, Najazfgarh Road, Moti Nagar"	"26/3&4, Najazfgarh Road"		110015		Done															Chevrolet	Aravali Chevrolet	Gurgaon	Gurgaon		"Idc, Sector -14"	"0124-4638787, +91-124-4638751"	9582227891	Car	"Plot No.66, Mehrauli Road, Idc, Sector -14"	"Plot No.66, Mehrauli Road"		122001		Done															Chevrolet	Globus Chevrolet - Delhi	Delhi	East Delhi		Jhilmil Industrial Area	"011-43388888, +91-11-43355555"	8527092000	Car	"B-31, Jhilmil Industrial Area, Behind Jhilmil Metro Station"	"B-31, Jhilmil Industrial Area"	Behind Jhilmil Metro Station	NA		Done															Chevrolet	Treo Chevrolet	Delhi	South Delhi		Phase 1	8588845551	8588845569	Car	"B-25, Okhla Industrial Area, Phase 1"	"B-25, Okhla Industrial Area"		110020		Done															Chevrolet	Metro Chevrolet - Delhi	Delhi	South Delhi		Vasant Kunj	011-46156631	8130852225	Car	"Bawa Potteries Industrial Complex, Aruna Asaf Ali Marg, Vasant Kunj"	"Bawa Potteries Industrial Complex, Aruna Asaf Ali Marg"		NA		Done															Chevrolet	Sparsh Chevrolet - Delhi	Delhi	West Delhi		Matiala Industrial Area	011-49116911	7042696004	Car	"32/8, Shanti Garden, Matiala Industrial Area, Near DPS School Dwarka"	"32/8, Shanti Garden"	"Near DPS School, Dwarka"	NA		Done															Chevrolet	Aarav Chevrolet - Delhi	Delhi	West Delhi		Motinagar	011-49258888	7042191938	Car	"56, Rama Road, Motinagar"	"56, Rama Road"		NA		Done															Chevrolet	Arya Automobiles	Delhi	West Delhi		Udyog Nagar Industrial Area	8745990006	8745990008	Car	"Khasra No.-82/21/2 & 22/2 Phirni Road (Opp. Pillar number 547), Udyog Nagar Industrial Area, Mundka"	Khasra No.-82/21/2 & 22/2 Phirni Road	Mundka	110041		Done															Chevrolet	Triumph Chevrolet - Delhi	Delhi	West Delhi		"Rohtak Road, Peeragarhi "	"91-11-42010101,111"	8470005904	Car	"G-14, Udyog Nagar, Rohtak Road, Peeragarhi (Near Deep Hyundai)"	"G-14, Udyog Nagar"	Near Deep Hyundai	NA		Done															Chevrolet	Regent Chevrolet	Faridabad	Faridabad		"13/1, Mathura Road"	1133063152	9999316938	Car	"Plot No.-57, Sector-27C, 13/1, Mathura Road, Opp. Crown Interiors Mall"	"Plot No.-57, Sector-27C, Mathura Road"	Opp. Crown Interiors Mall	121003		Done															Chevrolet	Triumph Chevrolet	Delhi	North Delhi		SMA Industrial Area	"011-47444777, 011-27693508"	9643202581	Car	"C-13, Plot No 65, SMA Industrial Area, Opp Jahangir Puri, Azadpur"	"C-13, Plot No 65, SMA Industrial Area"	"Opp Jahangir Puri, Azadpur"	110033		Done															Chevrolet	Shiva Chevrolet	Noida	Noida		"Sector- 8, Noida"	91-120-4353161	9311590318	Car	"C-80, 81A, Sector- 8"	"C-80, 81A, Sector 8"		NA		Done															Chevrolet	Shiva Chevrolet	Ghaziabad	Ghaziabad		Sahibabad Industrial Area	0120-3008600	9311590315	Car	"28/3/5, Site-IV, Industrial Area, Sahibabad"	"38439, Site-IV, Industrial Area"	Sahibabad	NA		Done															Fiat	Kashyap Fiat- Noida	Noida	Noida	Monday	"Industrial Area Phase 2, Noida"	"0120-4897200, 2897200"	9871177466	Car	"318, Industrial Area, Phase -2 , Gautam Budh Nagar"	"318, Industrial Area Phase - 2"	Gautam Budh Nagar	NA		Done															Fiat	Kashyap Fiat	Delhi	South Delhi	Sunday	Okhla Phase 3	1145844500	8800552187	Car	"Plot No. 46, Okhla Industrial Estate, Phase III"	"Plot No. 46, Okhla Industrial Estate"		110020		Done															Fiat	Thrust Motors	Delhi	West Delhi		Moti Nagar	011-64001313	8588857876	Car	"62 Rama Road, Moti Nagar, Delhi - 110015, Opposite Bisleri Water Factory"	"62 Rama Road, Moti Nagar"	Opposite Bisleri Water Factory	110015		Done															Fiat	Torque Fiat	Gurgaon	Gurgaon		Sukrali Enclave	011-33064137	9999707034	Car	"9/11, Purana Delhi Bypass Road, Sukrali Enclave, Sec-17A , Opp. Huda Nursery, Near Atul Katariya Chowk"	"42317, Purana Delhi Bypass Road"	Sec-17A	122001		Done															Ford	Astro Ford	Delhi	West Delhi		Dwarka	011-49994555	8860630170	Car	"K-78a, Main Rajapuri Road, Dwarka, Opp.sector-5"	"K-78a, Main Rajapuri Road"	Opp.sector-5	110075		Done															Ford	Astro Ford	Delhi	West Delhi		Najafgarh		8588878894	Car	"Plot no. 250, Nangli Sakrawati, Najafgarh"	"Plot no. 250, Nangli Sakrawati"		110072		Done															Ford	Delhi Ford	Delhi	South Delhi		Vasant Kunj	011-33041871		Car	"Bawa Potteries Compound, Aruna Asif Ali Marg, Vasant Kunj, Near IGL Gas Station"	"Bawa Potteries Compound, Aruna Asif Ali Marg"	Near IGL Gas Station	110070		Done															Ford	Harpreet Ford	Delhi	South Delhi		Phase-1	"011-45182000/99 , 011-45182099"	9582940239	Car	"B-242, Okhla Industrial Area, Phase-1"	"B-242, Okhla Industrial Area"		110020		Done															Ford	Harpreet Ford	Delhi	West Delhi		Motinagar Crossing	"011-45070726,742.728"	9528940111	Car	"68/2, Najafgarh Road, Motinagar Crossing"	"68/2, Najafgarh Road"		110015		Done															Ford	Riddhi Ford	Delhi	South Delhi		Okhla Industrial Area	011-42210000	"9582804390, 9999534552"	Car	"B-25, Okhla Industrial Area Phase-i"	"B-25, Okhla Industrial Area Phase - 1"		110020		Done															Ford	Libra Ford	Delhi	North West delhi		Alipur	011-33435897	8586900287	Car	"Jagdamba Farm, Alipur, Opp Yadu Green Resort Gate"	"Jagdamba Farm, Alipur"	Opp Yadu Green Resort Gate	110036		Done															Ford	Harpreet Ford	Delhi	North Delhi	Wednesday	Jahangir Puri	011-33088353	9999534568	Car	"Plot No 68 SSI Jahangirpuri Industrial Area, Jahangir Puri, Delhi - 110033, Opposite Metro Pillar No 144"	Plot No 68 SSI Jahangirpuri Industrial Area	Opposite Metro Pillar No 144	110033		Done															Ford	Harpreet Ford	Gurgaon	Gurgaon		Infocity	0124-4290900	9582940237	Car	"Plot No. 29&30, Sectro-34, Infocity, Near Hero Honda Plant"	"Plot No. 29&30, Sectro-34"	Near Hero Honda Plant	122110		Done															Ford	Tanish Ford	Gurgaon	Gurgaon		Wazirpur Industrial Area	0124-4585858	8527291926	Car	"Wazirabad, Opposite Ardee City Gate"	Wazirabad	Opposite Ardee City Gate	NA		TBD															Honda	Automax Honda	Delhi	West Delhi		Mayapuri	"011-45690000,02"	9560782345	Car	"A-17, Mayapuri,Phase- 1"	"A-17, Mayapuri"		110064		Done															Honda	Classic Honda	Delhi	South Delhi		Mohan Cooperative Industrial Estate	"0129-4113855, 4097027"	9910557703	Car	"A-14/1, Main Mathura Road, Mohan Cooperative Industrial Estate"	"A-14/1, Main Mathura Road"		110044		Done															Honda	Courtesy Honda	Delhi	West Delhi		Wazirpur Industrial Area	011-4320000	9717196515	Car	"A-3, Block- B, Wazirpur Industrial Area, Wazirpur"	"A-3, Block- B"		110052		Done															Honda	Courtesy Honda	Delhi	South Delhi		Okhla Phase - I	011-40710000	9910995820	Car	"D - 160, Okhla Industrial Area, Phase - I"	"D - 160, Okhla Industrial Area"		110020		Done															Honda	Courtesy Honda	Delhi	South Delhi		Okhla Phase - I	011-40710000	9910995820-5803	Car	"D-11, Industrial Area Phase - I, Okhla"	"D-11, Industrial Area Phase - I"		110020		Done															Honda	Prime Honda	Delhi	East Delhi		Patparganj Industrial Area	011-40888888	9971599312	Car	"Patparganj Industrial Complex, Opp. Mother Dairy"	Patparganj Industrial Complex	Opp. Mother Dairy	110092		Done															Honda	Delight Honda	Delhi	South Delhi		Mohan Co Operative Industrial Estate	011-43299999	9643326908	Car	"A-30, Mathura Road, Mohan Co Operative Industrial Estate"	"A-30, Mathura Road"		110044		Done															Honda	Ring Road Honda	Delhi	West Delhi		Motinagar	011-42597060	9643800252	Car	"21-a, Najafgarh Road, Motinagar"	"21-a, Najafgarh Road"		110015		Done															Honda	Ring Road Honda	Delhi	West Delhi		Udyog Nagar Industrial Area	011-45520091	9911466617	Car	"A-2, Rohtak Road, Udyog Nagar Industrial Area,peeragarhi"	"A-2, Rohtak Road"	Peeragarhi	110041		Done															Honda	Samara Automax	Delhi	West Delhi		Naraina Industrial Area Phase-1	011-47733333	8527190812	Car	"A-68, Naraina Ind Area, Phase-1, Near Payal Cinema"	"A-68, Naraina Ind Area"	Near Payal Cinema	110066		Done															Honda	Ring Road Honda	Delhi	West Delhi		Rama Road	"011-45049335 , 011-45049336"	9891833871	Car	"60, Rama Road"	"60, Rama Road"		110015		Done															Honda	Samara Honda	Delhi	West Delhi		Mayapuri Industrial Area	011-45690000	9560782345	Car	"A-17, Mayapuri Indt. Area Phase- 1 & Naraina 1, Near Bbr Cinema"	"A-17, Mayapuri Indt. Area Phase- 1 & Naraina 1"	Near Bbr Cinema	110064		Done															Honda	Southend Honda	Delhi	South Delhi		Mohan Co-operative Industrial Area	40621212	"9212624518,43,17"	Car	"Plot No. 71, Mathura Road, Block B-2,mohan Co-operative Industrial Area, East Badarpur"	"Plot No. 71, Mathura Road, Block B-2"		110044		Done															Honda	Pearl Honda	Gurgaon	Gurgaon		Pace City-2 	0124-4555520	8800991673	Car	"Plot No.554, Sector-37, Pace City-2 (Wrong side, HRC right, Shani Mandir chowk, road next to mandir)"	"Plot No.554, Sector-37"	HRC right	122001		Done															Honda	Pearl Honda	Gurgaon	Gurgaon		Wazirabad	0124-4555513	8800991611	Car	"Sector-52-A, Wazirabad, Opposite Ardee City Gate No-2"	"Sector-52-A, Wazirabad"	Opposite Ardee City Gate No-2	122001		Done															Honda	Ring Road Honda	Gurgaon	Gurgaon		Maruti Industrial Area	0124-4609400	9540072444	Car	"Plot No.33, Sector-18, Maruti Industrial Area, Near Bank Acadmy"	"Plot No.33, Sector-18"	Near Bank Acadmy	122001		Done															Honda	Prime Honda	Ghaziabad	Ghaziabad		"Vaishali, Ghaziabad"	0120-4184200	9818450017	Car	"Ansal Plaza, Main Link Road, Vaishali , Ghaziabad"	"Ansal Plaza, Main Link Road"	Ghaziabad	NA		Done															Honda	Sterling Honda	Delhi	East Delhi	Sunday	"G. T. Road, Sahadara"	011-48690000	9599381101	Car	"B1, Jhilmil Industrial Estate, G. T. Road, Sahadara"	"B1, Jhilmil Industrial Estate"	Sahadara	NA		Done															Honda	Ace Honda	Noida	Noida		Noida	011-33728254	7838989850	Car	"G-25, Sector 11, Noida"	"G-25, Sector 11"		NA		Done															Honda	Crown Honda	Noida	Noida		Noida	0120-4700000	8527995540	Car	"H-5, Sector . 63"	"H-5, Sector . 63"		NA		Done															Honda	Axon Honda	Ghaziabad	Ghaziabad		Meerut Road Industrial Area		9599293859	Car	A -8 Plot No 1 & 2 Sector 22 Meerut Road Industrial Area	"A -8 Plot No 1 & 2 Sector 22 Meerut Road Industrial Area,"		NA		Done															Honda	Ring Road Honda	Bahadrugarh	Bahadrugarh		Bahadurgarh			Car	"A 4 MIE (Modern Industrial Estate),Near Mama Chowk,Bahadurgarh"	"A 4 MIE (Modern Industrial Estate), Near Mama Chowk"		NA		TBD															Honda	Delight Honda	Faridabad	Faridabad		Crown Plaza Mall	011-33077453	9811618851	Car	"Plot No. 5B, Sector 15A, Crown Plaza Mall, Mathura Road"	"Plot No. 5B, Sector 15A"	Mathura Road	NA		Done															Honda	Infinity Honda	Gurgaon	Gurgaon		Narsingpur	0124-6900333	9643307168	Car	"Khasra No17/2/12,Exit 11A,Narsingpur,Near Haldirams"	"Khasra No17/2/12, Exit 11A"	Near Haldirams	NA		Done															Yamaha	Adarsh Yamaha	New Delhi	South Delhi		Sri Aurobindo Marg New Delhi	NA	9212552791/9250091910	Bike	"87 A, Adchini, Sri Aurobindo Marg New Delhi - 110017"	"87 A, Adchini"		110017		TBD															Yamaha	Bike Shoppe	New Delhi	South Delhi		Khanpur Extention	"011-29912320, 29912321"	9599214906	Bike	"A - 7 & 8, Deoli Road, Khanpur Extention,New Delhi-110062"	"A-7/8, Deoli Road"		110062		TBD															Yamaha	Carlton Motors Pvt. Ltd	New Delhi	North Delhi		Kashmere Gate	011-23917046 /011-23987340	9210681196	Bike	"1276, Kashmere Gate, Bara Bazar, Delhi -110006"	"1276, Bara Bazar"		110006		TBD															Yamaha	Chander Auto Services	New Delhi	South Delhi		Yusuf Sarai	011-26194688	9717519553	Bike	"17, 4-5, Main Market, Yusuf Sarai, New Delhi - 110016"	"17, 4-5, Main Market"		110016		TBD															Yamaha	Delhi Scooters	New Delhi	West Delhi		Rajouri garden	"011-25103418/25411667,45130536"	9811451711	Bike	"A31-A, Ring Road , Rajouri garden , Near Metro station , New Delhi -110027"	"A31-A, Ring Road"	Near Metro station	110027		TBD															Yamaha	Jinder Auto Pvt. Ltd	New Delhi	West Delhi		Pitampura	011-27015997 /011-27015998/011- 65444458	9910610042	Bike	"B-294, Saraswati Vihar, Pitampura, New Delhi - 110034"	"B-294, Saraswati Vihar"		110034		TBD															Yamaha	Oswal Autos	New Delhi	North Delhi		Gt Karnal Road	NA	9891600800	Bike	"A-20, Gt Karnal Road, Opposite Hans Cinema, Delhi - 110033"	A-20	Opposite Hans Cinema	110033		TBD															Yamaha	Prime Automation	New Delhi	East Delhi		East Krishna Nagar	011-22094645 /011-43108835	9210074059	Bike	"C-42, Main Road, East Krishna Nagar, East Delhi, Delhi - 110051"	"C-42, Main Road"		110051		TBD															Yamaha	Delhi Scooters	New Delhi	West Delhi		Kirti Nagar	NA	NA	Bike	"10/60 D, Industrial Area, Kirti Nagar,Opp. S . D public School, New Delhi -110015"	"10/60-D, Industrial Area"	Opp. S . D public School	110015		TBD															Yamaha	SRG Automobiles	New Delhi	East Delhi		Dilshad Gardan	NA	9811423425	Bike	"A-11, Adjoining Chintamani Restaurant, Jhilmil Industrial Area, Dilshad Gardan Delhi -110095"	"A-11, Jhilmil Industrial Area"	Adjoining Chintamani Restaurant	110095		TBD															Yamaha	Setco Yamaha	New Delhi	West Delhi		West Patel Nagar	11-45539998	9560314312	Bike	"Metro Pillar No. 201, West Patel Nagar, New Delhi - 110008"	Metro Pillar No. 201		110008		TBD															Yamaha	Shiva Motors	New Delhi	East Delhi		West Jyoti Nagar	011-22801744 /011-22814938	9718368896	Bike	"E-11, 100 Feet Road, West Jyoti Nagar, Delhi - 110094"	"E-11, 100 Feet Road"		110094		TBD															Yamaha	Torque Bikes	New Delhi	Central Delhi		Paharganj	011-64000119	7838222221	Bike	"No.43 , Rani Jhanshi Road , Opp. Jhandewalan Mandir,Paharganj,New Delhi-110055"	"No.43 , Rani Jhanshi Road"	Opp. Jhandewalan Mandir	110055		TBD															Yamaha	Zoom Roadys	New Delhi	West Delhi		"Mahaveer Enclave, Dwarka"	011-45700111/011- 45700112 011- 45700116	9910038877	Bike	"Rzf-16, Palam Dabri Road, Mahaveer Enclave, Dwarka, New Delhi - 110045"	"Rzf-16, Palam Dabri Road"		110045		TBD															Yamaha	Adarsh Yamaha	New Delhi	South Delhi		"Okhla Industrial Area, Phase II"	NA	9212346596/9212552790	Bike	"F-26/4, Okhla Industrial Area, Phase Ii, New Delhi - 110020"	F-26/4 		110020		TBD															Yamaha	Adarsh Yamaha	New Delhi	South Delhi		Khanpur Extension	NA	9212552792 / 9212131362	Bike	"A-10, Devli Road, Khanpur Extn., New Delhi - 110062"	"A-10, Devli Road"		110062		TBD															Yamaha	Delhi Scooters	New Delhi	West Delhi		Uttam Nagar	011-28562623/45643914/45643913	9868610606	Bike	"WZ-168, Block A, Opp. Meter Pillar no. 699 Uttam Nagar,New Delhi-110059"	"WZ-168, Block A"	Opp. Metro Pillar no. 699	110059		TBD															Yamaha	G M Automobiles	New Delhi	West Delhi		New Sahib Pura	011-28335350/28333008	NA	Bike	"Plot No. 11, New Sahib Pura, Near Crpf Camp, New Delhi"	Plot No. 11 	Near CRPF Camp	NA		TBD															Yamaha	Oswal Autos	New Delhi	North Delhi		Narela	NA	7838227729	Bike	"Delhi-Narela Rd, Opp Bajaj & Hero Moto Corp Showroom, Narela - 110088, New Delhi"	Delhi-Narela Rd	Opp Bajaj & Hero Moto Corp Showroom	110088		TBD															Yamaha	Prince Automobiles	New Delhi	West Delhi		"Dhansa Road, Najafgarh"	NA	8802071200	Bike	"Plot No.3, Khera Mor, Dhansa Road, Najafgarh - 110043, New Delhi"	"Plot No.3, Khera Mor,"		110043		TBD															Yamaha	Setco Yamaha	New Delhi	East Delhi		Pandav Nagar	011 -64644402	9268573341	Bike	"A-2, Ganesh Nagar (Pandav Nagar), Main Road, Opposite Mother Dairy, New Delhi-110092"	"A-2, Ganesh Nagar"	Opposite Mother Dairy	110092		TBD															Yamaha	Setco Yamaha	New Delhi	South Delhi		Mahipalpur	NA	9268573336	Bike	"847/2 Mata Chowk, Vasant Kunj Road Mahipalpur , New Delhi-110037"	"847/2 Mata Chowk, Vasant Kunj Road"		110037		TBD															Yamaha	Sidharth Auto Services	Gurgaon	Gurgaon		Khandsa Road	NA	8743888333	Bike	"Plot No. 1/3, khandsa Road OPP. 10A , Near Bank Of India,Gurgaon-122001"	Plot No.1/3	"OPP. 10A , Near Bank Of India"	122001		TBD															Yamaha	Green Automobiles P Ltd	Gurgaon	Gurgaon		Sohna Road	NA	9136188606	Bike	"Opp. J.M.D Garden, Near Subash Chowk, Sohna Road, Gurgaon, Haryana"	Opp. J.M.D Garden	Near Subash Chowk	NA		TBD															Yamaha	Green Automobiles Pvt Ltd	Gurgaon	Gurgaon		"Sector-14, Mehrauli Road"	NA	9555435599	Bike	"Surya Kiran Building-5, Mehrauli Road, Opp SBI, Sec-14 Gurgaon -122001, Haryana"	Surya Kiran Building-5	Opp SBI	122001		TBD															Yamaha	Sidharth Auto	Gurgaon	Gurgaon		New Railway Road	NA	9891333888	Bike	"60/9, New Railway Road, Near Vasan Eye Care, Gurgaon, Haryana - 122001"	60/9	Near Vasan Eye Care	122001		TBD															Yamaha	Kiran Auto	Gurgaon	Gurgaon		Pataudi	NA	9873420048	Bike	"Near Anaj Mandi, Pataudi-Bilaspur Road, Pataudi, Haryana-122001"	"Near Anaj Mandi, Pataudi-Bilaspur Road"		122001		TBD															Yamaha	Green Automobiles P Ltd	Faridabad	Faridabad		Railway Road	0129-4036666	9899889138	Bike	"20-21A, Railway Road, Fruit Garden, Faridabad-121001, Haryana"	"20-21A, Fruit Garden"		121001		TBD															Yamaha	Northern Motors	Faridabad	Faridabad		Neelam Bata Road	0129-4033700 /0129 4033800	9810659309	Bike	"A-5, Nehru Ground, Neelam Bata Road, Nit, Faridabad - 121001, Haryana"	"A-5, Nehru Ground"		121001		TBD															Yamaha	Shyam Automobiles	Faridabad	Faridabad		Tigaon	NA	9891576798	Bike	"Manjhawali Road , Tigaon Main Market.Near Peer Baba Mander, Tigaon-121101, Haryana."	"Manjhawali Road, Tigaon Main Market"	Near Peer Baba Mander	121101		TBD															Yamaha	Samrat Motors	Ghaziabad	Ghaziabad		"Ram Nagar, Ghaziabad"	120-2700783/120-2710712	9212070178	Bike	"74, 2, Ram Nagar, Ghaziabad - 201001, Uttar Pradesh"	"74, 2"		201001		TBD															Yamaha	Samrat Motors	Ghaziabad	Ghaziabad		"Harbans Nagar, Meerut Road"	NA	9899240178	Bike	"A-69, Harbans Nagar, Meerut Road, Opp Indo-Bullger, Dist-Ghaziabad 201001, Uttar Pradesh"	A-69	Opp Indo-Bullger	201001		TBD															Yamaha	A R Motors	Ghaziabad	Ghaziabad		Hapur	NA	9917002226	Bike	"Opp. Indian Oil Petrolium, Delhi Road, Dist-Hapur, Uttar Pradesh - 201001"	Delhi Road	Opp. Indian Oil Petrolium	201001		TBD															Yamaha	Amit Motors	Ghaziabad	Ghaziabad		Moradnager	NA	9759992525 / 9411014285	Bike	"Moradnager, Delhi Meerut Road, Opposite Brij Vihar, Moradnagar, Uttar Pradesh - 201001"	Delhi Meerut Road	Opposite Brij Vihar	201001		TBD															Yamaha	Harsh Motor	Ghaziabad	Ghaziabad		Loni Bagpat Road	NA	9350391639/9953686830	Bike	"Kanna Nagar 1 Gate, Loni Bagpat Road, Loni, Uttar Pradesh - 454331"	Kanna Nagar 1 Gate		454331		TBD															Yamaha	Jm Motors P Ltd	Noida	Noida		Sector - 10	0120-4321100	9910268029	Bike	"A-4, Sector - 10, Noida - 201301 , Uttar Pradesh"	A-4		201301		TBD															Yamaha	Muskan Automobiles	Noida	Noida		Jagat farm	NA	9718941776	Bike	"ShopNo-10,SS Plaza,Jagat farm, Near Hero Motor Showroom,Gama-1 Greater Noida-201310"	"Shop No-10,SS Plaza"	Near Hero Motor Showroom	201310		TBD															Bajaj	"AJAY AUTOMOBILES,"	New Delhi	North Delhi		SAMEYPUR INDUSTRIAL AREA	011-7298003	NA	Bike	"SAMEYPUR IND. AREA,,MAIN BAWANA ROAD,,,NR. GALI NO.3 , Dist- DELHI , City- DELHI , State- DELHI ADMIN , Pin- 110042"	MAIN BAWANA ROAD	NR. GALI NO.3	110042	MR. MOHINDER KUMAR JAIN	TBD															Bajaj	ANSARI AUTO	New Delhi	South Delhi		"OKHLA KALINDI KUNJ, SHAHEEN BAGH"	011-29944749	9810574872	Bike	"B-151,OKHLA KALINDI KUNJ,MAIN ROAD,,ABUL FAZAI PT-II SHAHEEN BAGH , Dist- DELHI , City- DELHI , State- DELHI ADMIN , Pin- 110025"	"B-151, MAIN ROAD, ABUL FAZAI PT-II"		110025	MR.HAJI MOHAMMED IDRIS ANSARI	TBD															Bajaj	BALAJI SERVICE CENTER	New Delhi	North Delhi		BAWANA	NA	9312662020	Bike	"MAIN NARELA ROAD,NEAR WATER TANK,,BAWANA , Dist- DELHI , City- DELHI , State- DELHI ADMIN , Pin- 110039"	MAIN NARELA ROAD	NEAR WATER TANK	110039	MR SURENDER KHATRI	TBD															Bajaj	BALAJI SERVICE CENTRE	New Delhi	West Delhi		KIRADI	NA	9718450496	Bike	"MAIN MUBARIK PUR ROAD,INDER ENCLAVE 2, KIRADI,,KIRADI , Dist- DELHI , City- DELHI , State- DELHI ADMIN , Pin- 110086"	"MAIN MUBARIK PUR ROAD, INDER ENCLAVE-2"		110086	MANGE RAM	TBD															Bajaj	DEEPAK AUTO WORKS	New Delhi	East Delhi		KANTI NAGAR	011-20003757	NA	Bike	"4/3117 KANTI NAGAR , Dist- DELHI , City- DELHI , State- DELHI ADMIN , Pin- 110051"	Apr-17		110051	MR. SURINDER KUMAR KOHLI	TBD															Bajaj	GSM AUTO SPARES PVT.LTD.	New Delhi	West Delhi		UTTAM NAGAR	NA	NA	Bike	"G-1/4 NAJAFGARH ROAD,,UTTAM NAGAR, , Dist- DELHI , City- DELHI , State- DELHI ADMIN , Pin- 110055"	G-1/4 NAJAFGARH ROAD		110055	MR. DINESH K. GUPTA	TBD															Bajaj	GIRI AUTOMOBILES	New Delhi	East Delhi		KHAZOORI	011-2261495	NA	Bike	"E-5, MAIN KARAWAL NAGAR ROAD,KHAZOORI , Dist- DELHI , City- DELHI , State- DELHI ADMIN , Pin- 110094"	"E-5, MAIN KARAWAL NAGAR ROAD"		110094	MR. R.K. RANA	TBD															Bajaj	"SCOOTERADES,"	New Delhi	South Delhi		JANGPURA	011-4316687	NA	Bike	"51 JANGPURA ROAD,,JANGPURA, , Dist- DELHI , City- DELHI , State- DELHI ADMIN , Pin- 110014"	51 JANGPURA ROAD		110014	MR. SUSHIL KUMAR JAIN	TBD															Bajaj	SHARMA AUTOMOBILES	New Delhi	South Delhi		MAIN MATHURA ROAD	011-6342865	NA	Bike	"264, ASHRAM,MAIN MATHURA ROAD , Dist- DELHI , City- DELHI , State- DELHI ADMIN , Pin- 110014"	"264, ASHRAM"		110014	MR. RAJEEV SHARMA	TBD															Bajaj	SHIVA AUTO CARES	New Delhi	North Delhi		"VILLAGE KAMALPUR, BURARI"	011-7614210	NA	Bike	"KHASRA NO. 803,SANT NAGAR (WEST),,VILLAGE KAMALPUR,BURARI , Dist- DELHI , City- DELHI , State- DELHI ADMIN , Pin- 110084"	"KHASRA NO. 803,SANT NAGAR (WEST)"		110084	MR. MAJOJ CHAUHAN	TBD															Bajaj	SHRI BALAJI AUTO	New Delhi	South Delhi		TUGLAKABAD EXTN	011-26072333	9810572707	Bike	"RZ-33,,STREET NO- 11,,,TUGLAKABAD EXTN , Dist- DELHI , City- DELHI , State- DELHI ADMIN , Pin- 110019"	"RZ-33, STREET NO-11"		110019	MR.VIVEK GUPTA	TBD															Bajaj	SONA AUTOS	New Delhi	North Delhi		"SECTOR 7, ROHINI"	011-7041533	NA	Bike	"G-23/233 SECTOR 7,ROHINI , Dist- DELHI , City- DELHI , State- DELHI ADMIN , Pin- 110085"	G-23/233		110085	MR. O.P. MALIK	TBD															Bajaj	YADAV SCOOTERS &	New Delhi	West Delhi		PALAM	NA	NA	Bike	"SERVICE STATION,RZ-L-1/MAIN ROAD,,MAHAVIR ENCLAVE, PALAM , Dist- DELHI , City- DELHI , State- DELHI ADMIN , Pin- 110045"	"SERVICE STATION, RZ-L-1/MAIN ROAD, MAHAVIR ENCLAVE"		110045	MR. SATISH YADAV	TBD															Bajaj	SPICK SALES P LTD.	New Delhi	North Delhi		"ROHINI, SECTOR 2"	"(011) 27921300, 9312623884"	NA	Bike	"1 MAIN MARBLE MARKET, 28/20 MANGOLPUR KALAN, ,SECTOR 2 ROHINI ,,ROHINI , Dist- DELHI , City- DELHI , State- DELHI ADMIN , Pin- 110085"	"1 MAIN MARBLE MARKET, 28/20 MANGOLPUR KALAN"		110085	MR. SANJAY RISHI	TBD															Bajaj	SURI AUTO WORKS	New Delhi	West Delhi		"VIRENDER NAGAR, JANAK PURI ROAD"	011-5532991	NA	Bike	"F-89/1, VIRENDER NAGAR,JANAK PURI ROAD , Dist- DELHI , City- DELHI , State- DELHI ADMIN , Pin- 110058"	F-89/1		110058	MR. SATISH KUMARI SURI	TBD															Bajaj	VIJAY AUTOMOBILES	New Delhi	East Delhi		MEET NAGAR	011-2112409	NA	Bike	"B-2/143 MAIN WAZIRABAD ROAD,MEET NAGAR , Dist- DELHI , City- DELHI , State- DELHI ADMIN , Pin- 110094"	B-2/143 MAIN WAZIRABAD ROAD		110094	MR. VIJAY KUMAR GUPTA	TBD															Bajaj	SHIKHAR AUTOMOBILES	Ghaziabad	Ghaziabad		OLD VIJAY NAGAR	NA	9810097052	Bike	"941/B, OLD VIJAY NAGAR , OPP.DAYAL PUBLIC SCHOOL , Dist- GHAZIABAD , City- GHAZIABAD , State- UTTAR PRADESH , Pin- 201009"	941/B	OPP.DAYAL PUBLIC SCHOOL	201009	MR.NETTER PAL UPADHAY	TBD															Bajaj	SHREE AUTOMOBILES	Noida	Noida		"SECTOR-63 , NOIDA"	0120-4253200	9990044486	Bike	"D-106, SECTOR-63 , NOIDA , ,DADRI , Dist- G.B.NAGAR , City- NOIDA , State- UTTAR PRADESH , Pin- 201301"	"D-106, DADRI"		201301	SUNIL PAL	TBD															Bajaj	AUTO LINK SERVICE CENTRE	Gurgaon	Gurgaon		NEW PALAM VIHAR	0124-2468181	NA	Bike	"109/115, NEW PALAM VIHAR,BAJGHERA CHOWK , Dist- GURGAON , City- GURGAON , State- HARYANA , Pin- 122001"	"109/115, BAJGHERA CHOWK"		122001	MR.DEVENDRA KUMAR	TBD															Bajaj	DAHIYA AUTOMOBILE	Gurgaon	Gurgaon		Farrukhnagar	NA	9050169336	Bike	"WAZIRPUR ROAD,,OPP.KRISHNA HOSPITAL,,FARUKH NAGAR GGN. , Dist- GURGAON , City- GURGAON , State- HARYANA , Pin- 122506"	"WAZIRPUR ROAD, FARUKH NAGAR GGN."	OPP.KRISHNA HOSPITAL	122506	MR.OMBIR DAHIYA	TBD															Bajaj	SAI AUTO SALES	Gurgaon	Gurgaon		SEC.17-18 DIVIDING ROAD	0124-4087411	9891284122	Bike	"PLOT NO.5,SEC.17-18,,DIVIDING ROAD,NEAR A.G.COMPANY , Dist- GURGAON , City- GURGAON , State- HARYANA , Pin- 122001"	PLOT NO.5	NEAR A.G.COMPANY	122001	MR.SAMEER DARGAN	TBD															Bajaj	KOMAL MOTORS	Faridabad	Faridabad		"NEHAR PAR,GREATER FARIDABAD"	9560616007	9891123199	Bike	"KHERI ROAD, NEAR HANUMAN NAGAR,NEHAR PAR,GREATER FARIDABAD , Dist- FARIDABAD , City- FARIDABAD , State- HARYANA , Pin- 121002"	KHERI ROAD	NEAR HANUMAN NAGAR	121002	MR.HEMANT GARG	TBD															Bajaj	SHIV AUTOMOBILES	Faridabad	Faridabad		SARAI KHAWAJA	NA	NA	Bike	"12/5, MATHURA ROAD,SARAI KHAWAJA , Dist- FARIDABAD , City- FARIDABAD , State- HARYANA , Pin- 121003"	"12/5, MATHURA ROAD"		121003	MR. SHIV NARAYAN	TBD															Bajaj	NEW SMART MOTORS	Faridabad	Faridabad		BADHKAL PALI ROAD	9899035187	NA	Bike	"BADHKAL PALI ROAD,(NEAR DELHI MASZID) , Dist- FARIDABAD , City- FARIDABAD , State- HARYANA , Pin- 121001"	NA	NEAR DELHI MASZID	121001	MR.SHAHSAD KHAN	TBD															Royal Enfield	LAMBA ENTERPRISES PRIVATE LIMITED	New Delhi	West Delhi		RAMA ROAD INDUSTRIAL AREA	011 - 45151159	9711611591	Bike	"D/E35, RAMA ROAD INDUSTRIAL AREA, NAJAFGARH ROAD, DELHI 110015"	"D/E-35, NAJAFGARH ROAD"		110015		TBD															Royal Enfield	OUTER DELHI MOTORCYCLES	New Delhi	West Delhi		Najafgarh	1168888254	9540941610	Bike	"U-52 Roshanpura,Chhawla Road,Najafgarh ,New Delhi 110043"	"U-52 Roshanpura, Chhawla Road"		110043		TBD															Royal Enfield	Cruiser Motors	New Delhi	West Delhi		Uttam Nagar	NA	9136310966 / 8459223833	Bike	"A-12 Rajapuri,opposite Sector 5 Dwarka,Uttam Nagar-110059"	A-12 Rajapuri	Opposite Sector 5 Dwarka	110059		TBD															Royal Enfield	North Delhi Motorcycles	New Delhi	North Delhi		Rohini	2705 4737	9810558625	Bike	"873/4, Rithala Village, Rohini, Land Mark: Near Nala Wala Road New Delhi ÛÒ 110 085"	"873/4, Rithala Village"	Near Nala Wala Road	110085		TBD															Royal Enfield	Amar Autos	New Delhi	East Delhi		Jhilmil Industrial Area	011-43595322	8802583948 / 9654778985	Bike	"B 29, JHILMIL Industrial. Area , NEW DELHI"	B-29		NA		TBD															Royal Enfield	Soni Automobiles	New Delhi	North Delhi		Mangol Pur Khurd	011 - 2792 1311 / 65902249	9868091071	Bike	"Khasra No.149,Mangol Pur Khurd New Delhi 110 083"	Khasra No.149		110083		TBD															Royal Enfield	Kays Autos	New Delhi	North Delhi		G.T. Karnal Road	011 - 28877008 / 28877009	9810433555	Bike	"A-8, Gujranwala Town Part 1 G.T. Karnal Road New Delhi - 110 009"	"A-8, Gujranwala Town Part 1 "		110009		TBD															Royal Enfield	Ess Aar Motors	New Delhi	West Delhi		Maya Puri Phase-1	011-45065636	NA	Bike	"B-73, Maya Puri, Phase-1,Nr.Mayapuri Police Station, New Delhi - 110 064"	B-73	Nr.Mayapuri Police Station	110064		TBD															Royal Enfield	Lamba Enterprises Pvt Ltd.	New Delhi	West Delhi		JANAKPURI WEST	011-40529712 / 011-01125612677	9250919992	Bike	"C-8, NEW KRISHNA PARK, NEAR JANAKPURI WEST METRO STATION, OPP. METRO PILLAR NO. 599, NEW DELHI - 110018"	"C-8, NEW KRISHNA PARK "	OPP. METRO PILLAR NO. 599	110018		TBD															Royal Enfield	Balaji Motors	New Delhi	South Delhi		"Sector IV, Baba Karne Singh Marg"	011-2725850 / 011-3747090	NA	Bike	"Shop No.7 Sector IV,Behind Anand Filling Station,Baba Karne Singh Marg, New Delhi - 110 001"	Shop No.7	Behind Anand Filling Station	110001		TBD															Royal Enfield	South Delhi Motorcycles	New Delhi	South Delhi		OKHLA INDUSTRIAL AREA PHASE-1	01126811013 / 26810708	9716002728	Bike	"D-145, OKHLA INDUSTRIAL AREA PHASE-1, NEW DELHI-110020"	D-145		110020		TBD															Royal Enfield	M.G. Auto Sales	New Delhi	North Delhi		"Sameypur, Main G.T Road"	011-27837439	9810237417	Bike	"6/18 Shakti Complex Main G.T Road, Sameypur, Delhi-110042"	"6/18, Shakti Complex"		110042		TBD															Royal Enfield	ASCO Motors	New Delhi	East Delhi		Pataparganj	011-2214888	9968733256	Bike	"492 Functional Industrial Estate, Pataparganj, East Delhi - 110 092."	"492 Functional Industrial Estate, "		110092		TBD															Royal Enfield	KayTee Automobiles	New Delhi	South Delhi		Main Vasant Kunj Road	011 - 64612777	9910884777	Bike	"A-6, Mahipalpur Extension Main Vasant Kunj Road,"	"A-6, Mahipalpur Extension"		NA		TBD															Royal Enfield	Brawn Automobiles	Gurgaon	Gurgaon		Sheetla Mata Road	0124-4251481 / 09212315090	9212315090	Bike	SheetlaMata Road Opp: CRPR Camp Gurgaon - 122 001	NA	Opp: CRPR Camp	122001		TBD															Royal Enfield	Aman Automobiles	Gurgaon	Gurgaon		Old Delhi Road	0124 - 4084648-51	9810535659	Bike	Old Delhi Road Opp: Airforce School Gurgaon 122 001.	NA	Opp: Airforce School	122001		TBD															Royal Enfield	Manzil Motors Pvt. Ltd.	Gurgaon	Gurgaon		"Mehrauli Road, Sector 16"	91 124-4231683/1684	096503 11988	Bike	"9 A, IDC, Mehrauli Road, Sector 16, Gurgaon, Haryana India 122001"	"9 A, IDC"		122001		TBD															Royal Enfield	Heighten Automotive Pvt. Ltd	Faridabad	Faridabad		Mathura Road	9717475811	9873305544	Bike	"14/5 Mathura Road , Faridabad, 121003"	14-May		121003		TBD															Royal Enfield	Sohan auto world	Faridabad	Faridabad		NIT Faridabad	0129-4029352	9811535853	Bike	"1D/64 , NIT Faridabad Faridabad-121001"	1D/64		121001		TBD															Royal Enfield	Sangam Autos	Ghaziabad	East Delhi		Sahibabad	9990624290	9999980290	Bike	"A-23/6, 1st Floor, Site-IV, Link Road near Mohan Nagar flyover, Sahibabad-Ghaziabad"	"A-23/6, 1st Floor, Site-IV, Link Road"	Near Mohan Nagar flyover	NA		TBD															Royal Enfield	Rawal Automobiles Pvt Ltd	Ghaziabad	East Delhi		Nehru Nagar	0120 -2717545 / 3016715	9350315311	Bike	"111, F-87, Nehru Nagar RakeshMarg Ghaziabad - 201 002 (U.P)"	"111, F-87 Rakesh Marg"		201002		TBD															Royal Enfield	SOLITAIRE AUTOMOTIVE	Noida	Noida		SECTOR 63	NA	9599195031	Bike	"A-60C GROUND FLOOR, SECTOR 63, NOIDA 201301"	A-60C GROUND FLOOR		201301		TBD															Royal Enfield	Shree Mahadev Agency	Noida	Noida		Sector-6	0120-4310052	9310047588	Bike	"G-45, Sector-6, Noida, opposite Nimbus Hyundai Showroom, Noida, Pin-201301"	G-45	Opposite Nimbus Hyundai Showroom	201301		TBD															Hero	AUTO SERVICE	Delhi	South Delhi		Lajpat Nagar	01126838780/29818780/0/0	0/0	Bike	"Ii-I/10, Central Market ,Lajpat Nagar ,New Delhi - 110 024"		Central Market	110024	P.S.MEHTA	TBD															Hero	Deepak Automobiles	Delhi	East Delhi		Shadhara	01122133361/65298068/0/0	0/0	Bike	"G.T.Road, Shadhara ,(Empty Object) ,0"		GT Road	NA	Mr. Nischal Singhania	TBD															Hero	Ganpati Motors	Delhi	North West delhi		Industrial Area Mangol Puri	01127922401/27916374/0/0	0/0	Bike	"Bharat Petrolium Pump Mangol Puri ,Industrial Area Mangol Puri Ph-1 ,New Delhi-110083"			110083	Mr. Dinesh	TBD															Hero	Jaglan Motors	Delhi	South West delhi		Dwarka	01128051620/28051161/0/0	0/0	Bike	"Bharat Petrolium Pump Sec-22 Dwarka ,New Delhi-110075 ,0"		Sector 22	110075	Mr. Vaibhav	TBD															Hero	NEM CHAND TARA CHAND	Delhi	North West delhi		Alipur	01127202205/2702733/0/0	0/0	Bike	"Bpcl Petrol Pump ,10/7 Mile Stone G.T Karnal Road ,Alipur Delhi-36"		G.T. Karnal Road	110036	Mr. Vitul Ahuja	TBD															Hero	Saksham Motors	Delhi	West Delhi		Hari Nagar	01125494009/0/0/0	9312364527/0	Bike	"Bharat Petrolium Pump Hari Nagar ,Near Deendayal Hospital ,Hari Nagar New Delhi-110064"		Near Deendayal Hospital	110064	Mr. Sushil Goel	TBD															Hero	Shiv Service Station	Delhi	West Delhi		Dwarka	01125082888/25083111/0/0	0/0	Bike	"Bharat Petrolium Pump, ,Sect. 1 Phase -1 Dwarka ,0"		Sector 1	NA	Mr. V K Sirish	TBD															Hero	KUKREJA AUTOMOBILES	Delhi	South Delhi		Munirka	01164599781/0/0/0	9250946464/9213360123	Bike	"249A, ,Munirka Village ,(Empty Object)"			NA	MR. KISHORE KUKREJA	TBD															Hero	AMAN MOTORS	Delhi	East Delhi		Kartar Nagar	01122945403/0/0/0	9871061000/0	Bike	"J-128/1, Pushta- 3-1/2, ,Kartar Nagar, ,New Delhi - 110 053."			110053	JAMIL AHMED	TBD															Hero	APEX AUTOMOBILES PVT LTD	Delhi	East Delhi		Patparganj Industrial Area	01143317777/0/0/0	8860477588/0	Bike	"470 Fie, Patparganj Industrial Area, ,Delhi - 110 092 ,0"			110092	VIVECK GOEL	TBD															Hero	ARC MOTORS PVT LTD	Delhi	South Delhi		Okhla Industrial Area	01126383151/26383152/26383153/0	9811805566/0	Bike	"S-9, Okhla Industrial Area, ,Okhla Phase-Ii ,New Delhi - 110 020"			110020	ARVIND BAJAJ	TBD															Hero	AUTO NEEDS (INDIA) PVT LTD	Delhi	East Delhi		Patparganj	01143218888/22486475/22486476/0	9999500500/0	Bike	"E-1/4, Pandav Nagar ,Opp. Mother Diary Plant, Patparganj ,New Delhi- 110 092"		Opp. Mother Dairy Plant	110092	VIVECK GOEL	TBD															Hero	"AVNI MOTORS (I) PVT LTD.,"	Delhi	South West delhi		"Gurgaon Road, Najafgarh"	01125012291/25012292/25012293/0	9718585386/0	Bike	"New Roshanpura, Gurgaon Road, ,Near Bdo Office, Najafgarh, ,New Delhi - 110 043."		Near BDO Office	110043	RAJIV JAIN	TBD															Hero	ESS AAY AGENCIES INDIA PVT LTD	Delhi	Central Delhi		Karol Bagh	01145360001/28753331/25814756/0	9650553058/0	Bike	"T-2336, Faiz Rd, Karol Bagh ,New Delhi - 110 005. ,New Delhi - 110 005."			110005	AMARJEET SINGH	TBD															Hero	HIMGIRI HERO AUTOMOBILES PVT LTD	Delhi	East Delhi		New Jhilmil Ind.Area	01122099000/22131889/22441955/47357000	9868789917/0	Bike	"A-19,Dsidc,Near Shahdra Flyover, ,New Jhilmil Ind.Area, ,Delhi- 110095"		Shahdra Flyover	110095	ANIL GOEL	TBD															Hero	"J.K.ENTERPRISES,"	Delhi	South Delhi		East of Kailash	01126288368/26227138/0/0	9810128148/0	Bike	"20, Community Centre, ,East Of Kailash, ,New Delhi - 110 065"		Community Centre	110065	JITENDER KUMAR	TBD															Hero	JAGDAMBA AUTOMOBILE	Delhi	North West delhi		Libaspur	0110/0/0/0	9811045627/9250230848	Bike	"Ship No-1, Main G T Karnal Road ,Libaspur 110 042 ,Delhi"			110042	MR. PARDEEP JINDAL	TBD															Hero	"JAI SHRI KRISHNA FILLING STATION,,"	Delhi	South West delhi		Najafgarh	01125316298/25316463/0/0	9810353653/0	Bike	"Kh No- 741/1/2, Village-Dindarpur, ,Main Najafgarh Bijwasan Road, ,Najafgarh, New Delhi - 110 043"		Village Dindarpur	110043	Mr Gaurav Mittal	TBD															Hero	JMD AUTOMOTIVE	Delhi	North West delhi		Budh Vihar	01120160916/0/0/0	9810852413/9350565029	Bike	"106/1, Pooth Kalan, Main Road, ,Near Shri Ram Dharam Kanta, Budh Vihar, ,New Delhi - 110 086."			110086	KAPIL RAI	TBD															Hero	"K.S.AUTOMOBILES,"	Delhi	South West delhi		Mahipalpur	01140003000/0/0/0	9810786777/0	Bike	"Khasra No-331/1/2, N.H-8, ,Village- Rangpuri, Mahipalpur, ,New Delhi - 110 037"			110037	VIPIN CHAUHAN	TBD															Hero	KHANNA AUTOMOBILES	Delhi	West Delhi		Mayapura	01141650544/0/0/0	8744059858/9999550430	Bike	"Mayapura, New Delhi"			NA	SANJAY KHANNA	TBD															Hero	KHANNA AUTOMOBILES	Delhi	West Delhi		Tilak Nagar	01125995757/25996464/25111573/25111565	9971991591/9971991592	Bike	"Wz-1,Ganesh Nagar Market, ,Nr Tilak Nagar, Main Najafgarh Rd ,New Delhi"		Ganesh Nagar Market	NA	RAJESH KHANNA	TBD															Hero	"METRO AGENCIES,"	Delhi	North West delhi		Bawana Industrial Area	0110/0/0/0	9312655406/9654344419	Bike	"Plot No-3, Block-A, Sector-2, Industrial Area, ,Bawana ,New Delhi - 110 039"		Bawana	110039	NARENDER KUMAR	TBD															Hero	METRO MOTORS	Delhi	North West delhi		Rohini	01127050002/27050003/27050004/0	9810067059/0	Bike	"22, Jagdamba Market, ,Near Rithala Metro Station, Rohini, ,New Delhi - 110 085"		Near Rithala Metro Station	110085	MAN MOHAN SINGH	TBD															Hero	OSWAL MOTORS PVT. LTD	Delhi	North West delhi		G.T. Karnal Road	01149855555/0/0/0	9810082645/9810082640	Bike	"A-20, G.T.Karnal Road ,Nr. Azadpur Chowk, ,Delhi 110 033"		Near Azadpur Chowk	110033	BIMAL JAIN	TBD															Hero	PASHUPATI AUTOS	Delhi	South Delhi		Khanpur	01165635272/0/0/0	9810163760/9891293990	Bike	"A-2, Jawahar Park, ,Deoli Road, Khanpur, ,New Delhi - 110 062"			110062	AJAYPAL SINGH	TBD															Hero	PASHUPATI MOTORS	Delhi	South Delhi		Adchini	01143410000/0/0/0	9868221845/0	Bike	"84, Adchini,Main Mehrauli Road, ,Aurobindo Marg, ,New Delhi- 110 017"			110017	SATVIR SINGH	TBD															Hero	PIONEER ENTERPRENEURS PVT LTD	Delhi	South Delhi		Okhla Village	01126316321/26316380/0/0	9811016954/0	Bike	"K-69, Abul Fazal Enclave, ,Kalindi Road, Okhla Village, ,New Delhi - 110 025"			110025	SALIM DURRANI	TBD															Hero	POOJA AUTOMOBILES	Delhi	South Delhi		Chirag Delhi	01129254710/29254711/29212999/0	9811714909/0	Bike	"581/3, Chirag Delhi ,Main Road ,New Delhi - 110 017"			110017	AMIT GUPTA	TBD															Hero	"R.K.AUTOMOBILES,"	Delhi	East Delhi		Shahdara	01122115959/22583722/0/0	9811059909/0	Bike	"Plot No-2, ,Main G.T.Road, Shahdara, ,New Delhi - 110 095"			110095	Rahul Sharma	TBD															Hero	SANGAM AUTOMOBILES	Delhi	North West delhi		Bawana Road	0110/0/0/0	9811117676/0	Bike	"Plot No-144/23, Kanjhawala Chowk, ,Bawana Road, ,Delhi - 110 081"			110081	KANWAL NAIN MAKHIJA	TBD															Hero	SHARMA AUTOMOBILES	Delhi	West Delhi		Rajinder Park	01125470513/39490513/0/0	9868809723/0	Bike	"Khasra No-35/19-20, Rajindera Park ,Nangloi ,Delhi - 110 041"			110041	SHIV SHANKAR SHARMA	TBD															Hero	SHIV GANGA AUTOMOBILES	Delhi	West Delhi		Pashchim Vihar	01125270530/25270531/25262327/0	9811606363/0	Bike	"A-1/2, Rohtak Road, ,Near Peera Garhi Chowk, Paschim Vihar, ,New Delhi - 110 063"		Peera Ghari Chowk	110063	MR SUNIL RAHEJA	TBD															Hero	"SINGLA AGENCIES,"	Delhi	South Delhi		Badarpur	01126366291/26366292/0/0	9910080025/0	Bike	"Rz A-1, M B Road, ,Pul Pehlad Pur, Badarpur, ,New Delhi - 110 044."			110044	HARMESH KUMAR SINGLA	TBD															Hero	SINGLA AUTOMOBILES	Delhi	South West delhi		"Mahavir Enclave, Dwarka"	01143110000/0/0/0	9911884416/0	Bike	"F-1/22A, Palam Dabri Road, ,Mahavir Enclave, Sector-1, Dwarka, ,New Delhi - 110 045"			110045	MADAN SINGLA	TBD															Hero	UPPER INDIA TRADING CO (DELHI) P LTD	Delhi	North Delhi		Kashmere Gate	01123860617/23869849/23863109/0	9810000504/0	Bike	"1/1663, Lothian Road ,Kashmere Gate ,Delhi- 110 006"			110006	SUNIL SETHI	TBD															Hero	"VEEJAY SERVICE STATION,"	Delhi	West Delhi		Shastri Nagar	01123645984/23649990/0/0	9953051887/0	Bike	"Gulabi Bagh, Shastri Nagar ,(Empty Object) ,0"			NA	MS. MEENAKSHI GOEL	TBD															Hero	AUTO NEEDS SERVICES	Gurgaon	Gurgaon		Mehrauli	0124 - 2352051///	9711271627/	Bike	"Janata Filling Station,,Iom Petrol Pump,,Mehrauli Gurgaon Road, , ,"			NA	"MR. H.P,KAUSHIK (MGR)"	TBD															Hero	AUTONEEDS	Gurgaon	Gurgaon		Mehrauli Road	0124 - 2327851///	9999038700/	Bike	"501/2, Mehrauli Road,Gurgaon-122 001, , ,"			122001	VIVECK GOEL	TBD															Hero	JASODHA AUTO PVT LTD	Gurgaon	Gurgaon		Sohna Road	"0124 - 2301253 , 2301263///"	8800494200/	Bike	"Near District Court,,Sohna Gurgaon Road,,Gurgaon-122 001 , ,"		Near District Court	122001	SHIVJEET S KHOKHAR	TBD															Suzuki	JSR SUZUKI	Delhi	Central Delhi		Karol Bagh	Tel.: 011-45541846/45541845	Mobile.: 9711798081	Bike	"M/S Jsr Motors India Pvt Ltd, 757, Faiz Road, Central Delhi, Karol Bagh, Central Delhi -110005, North Delhi | Workshop - 1-B (T-874), Faiz Road, Karol Bagh Terminal,New Delhi - 110005"			110005		TBD															Suzuki	SHRISHAKTI SUZUKI	Delhi	East Delhi		Krishna Nagar	"Tel.: 22005400, 22005500, 22008100"	Mobile.: 8800767878	Bike	"M.D. Motors Pvt. Ltd., B-14, Main East Krishna Nagar, East Delhi -110051, North Delhi"			110051		TBD															Suzuki	Ganpati Suzuki	Delhi	East Delhi		Kabir Nagar	"Tel.: 011-22801122,22801123"	Mobile.: 9211641111	Bike	"M/S Ganpati Autotech Pvt Ltd, C-2/8 Kabir Nagar, 100Ft Road, East Delhi -110094, North Delhi"			110094		TBD															Suzuki	Umang Auto	Delhi	North West delhi		Pitampura	Tel.: 011-27029991/92/93/94	Mobile.: 9810416600	Bike	"Umang Motors Pvt. Ltd., A-9, Near Deepali Chowk, Saraswati Vihar,Outer Ring Road, Pitampura, North Delhi -110034, North Delhi"		Deepali Chowk	110034		TBD															Suzuki	G.L. SUZUKI	Delhi	North West delhi		G.T. Karnal Road	Tel.: 45669755/45669855	Mobile.: 9311112755/9311113755	Bike	"G. L. Sales Pvt. Ltd., A-261, Derawal Nagar, G.T. Karnal Road, North Delhi -110009, North Delhi"			110009		TBD															Suzuki	Bittoo Suzuki	Delhi	South Delhi		"Okhla Industrial Area,Phase ÐIi"	"Tel.: 011-26388555, 26387666"	"Mobile.: 9810067564,9999777555"	Bike	"Bittoo Bikewala Pvt. Ltd., D-19/1,Okhla Industrial Area,Phase ÐIi, Near C Lal Chowk, South Delhi -110020, North Delhi"		C lal chowk	110020		TBD															Suzuki	RDB Suzuki	Delhi	South Delhi		Khanpur Extension.	"Tel.: 011-29967212, 29967215"	Mobile.: 9650406261	Bike	"Rdb Automotive Pvt. Ltd., A-6, Khasra No. 564, Deoli Road, Khanpur Extension., South Delhi -110062, North Delhi"			110062		TBD															Suzuki	Auto-Zone Suzuki	Delhi	South Delhi		"Okhla Industrial Area,Phase-2"	"Tel.: 011-41401021,26386388"	"Mobile.: 9811131756, 9560519989"	Bike	"M/S Autozone International Pvt.Ltd., S-4,Okhla Industrial Area,Phase-2, South Delhi -110020, North Delhi"			110020		TBD															Suzuki	Dwarka Suzuki	Delhi	South West delhi		Dwarka	"Tel.: 011-25057033, 65170064"	"Mobile.: 9250000140, 9250000141"	Bike	"G D Motors Pvt. Ltd., D-3, Main Palam-Dabri Road, Mahavir Enclave, Dwarka,, South-West Delhi -110045, North Delhi"		Mahavir Enclave	110045		TBD															Suzuki	Ring Road Suzuki	Delhi	West Delhi		Peera Garhi	"Tel.: 011-42331991, 25286383"	Mobile.:	Bike	"Workshop Address - 487/79 Mangal Bazar Road,Peera Garhi, New Delhi - 110087"			110063		TBD															Suzuki	Natraj Bike Auto	Gurgaon	Gurgaon		Old Delhi Road	Tel.: 0124-4084838/39	Mobile.: 9212030839	Bike	"Natraj Bikes Auto Pvt. Ltd., 223/4 Opp. Ajit Cinema, Near Telephone Exchange, Old Delhi Road, Gurgaon -122001, North Haryana"		Telephone Exchange	122001		TBD															Suzuki	Kumar Suzuki	Gurgaon	Gurgaon		"Sohna Road , Vill. Islampur"	Tel.: 0124-2208696	"Mobile.: 9873422796, 9873431696, 9953430096"	Bike	"M/S Kumar Bikes Pvt Ltd, Khata No 271/316, Sohna Road , Vill. Islampur, Gurgaon -122001, North Haryana"			122001		TBD															Suzuki	M R SUZUKI	Gurgaon	Gurgaon		Farrukhnagar	Tel.: 0124-2275181	"Mobile.: 8685001181, 8685001182, 9467394515"	Bike	"M/S M R Auto, Sultanpur Road,Near Anaj Mandi,Farrukhnagar,Gurgaon,Haryana, Gurgaon -122506, North Haryana"		Anaj Mandi	122506		TBD															Suzuki	BINDAL AUTOMOBILES	Delhi	North West delhi		Swaroop Nagar	Tel.:	"Mobile.: 9958492249, 9211552599"	Bike	"G. L. Sales Pvt. Ltd., D-426, Swaroop Nagar, Opp. Sai Baba Mandir Delhi - 110042, , North Delhi"		Sai Baba Mandir	110042		TBD															Suzuki	G L SALES PVT LTD	Delhi	North West delhi		Narela	Tel.: 011-65656517	"Mobile.: 9312168950, 9911118157"	Bike	"M/S. S S Motors, 33/18, Safiabad Road,Opp: Raju Gas Godown, Narela - 110040, , North Delhi"			110040		TBD															Suzuki	M/s. A A MOTORS	Delhi	North West delhi		Shastri Nagar	Tel.:	"Mobile.: 9718434479, 9871387710"	Bike	"G. L. Sales Pvt. Ltd., E-2/244, Main Road,Near- Metro Pillar No. 168. Shastri Nagar - 110052, , North Delhi"		Metro Pillar No. 168	110052		TBD															Suzuki	M/S. RAGHUVANSH SUZUKI	Delhi	North Delhi		Burari	Tel.: 011-2761250	"Mobile.: 9643600185,9999560185"	Bike	"Raghuvansh Automotors Pvt. Ltd., Main Road ,Burari , Near Bank Of Baroda - 110084, , North Delhi"		Near Bank Of Baroda	110084		TBD															Suzuki	RDB Suzuki	Delhi	South Delhi		Badarpur	Tel.:	"Mobile.: 9973177306, 9811014630, 9711262314"	Bike	"Rdb Automotive Pvt. Ltd., C-198,199, Pul Prahaladpur, M B Road, Badarpur - 110044, , North Delhi"			110044		TBD															Suzuki	Dwarka Suzuki	Delhi	West Delhi		Uttam Nagar	Tel.: 011-25331888	"Mobile.: 9250010042,9250010043"	Bike	"G D Motors Pvt. Ltd., A-48 Gulab Bagh, Nawada Opposite Metro Pillar No. 748 , Uttam Nagar, New Delhi - 110059, , North Delhi"		Nawada Opposite Metro Pillar No. 748	110059		TBD															Suzuki	G D MOTORS PVT. LTD.	Delhi	South West delhi		Najafgarh	Tel.: 011-25022800	"Mobile.: 9811053742 , 8588876464 / 65 / 66"	Bike	"S - 4 & 5, New Roshan Pura, Main Gurgaon Road, Najafgarh, New Delhi - 110043, , , North Delhi"			110043		TBD															KTM	DELHI WEST KTM	Delhi	West Delhi		Uttam Nagar	+91 11 25352800;+91 11 25352398		Bike	"Main Najafgarh Road, Uttam Nagar , 110059 New Delhi"			110059		TBD															KTM	MOTI NAGAR KTM	Delhi	West Delhi		Moti Nagar	+91 11 4798 0011		Bike	"Klj Complex, Nazafgarh Road, Moti Nagar , 110015 New Delhi"			110015		TBD															KTM	DELHI NORTH KTM	Delhi	North West delhi		Mahendru Enclave	+91 11 4370 9570		Bike	"A-1 Ground Floor, Mahendru Enclave, Gt Karnal Road , 110 033 New Delhi"			110033		TBD															KTM	CONNAUGHT PLACE KTM	Delhi	Central Delhi		Connaught Place	+91 11 64737111 / 12 / 13 / 14 / 15		Bike	"L1, Ground Floor, Plot No: 3 & 4, Outerwing, Connaught Place , 110001 New Delhi"			110001		TBD															KTM	EAST DELHI KTM	Delhi	East Delhi		Radhe Puri Extension	+91 88009 02222		Bike	"18/4, Radhe Puri Extension, Main Jagat Puri Road , 110 051 New Delhi"			110051		TBD															KTM	LAJPAT NAGAR KTM	Delhi	South Delhi		Lajpat Nagar-Ii	+91 11 29830002 / 03 +91 9560092928		Bike	"K - 96, Central Market, Lajpat Nagar-Ii, New Delhi - 110024 , 110024 New Delhi"			110024		TBD															KTM	GURGAON KTM	Gurgaon	Gurgaon		"M.G.Road, Iffco Chowk"	+91 124 6468888 / 91 +91 8826594755		Bike	"Shop No : G3 & G4, Abw Tower, M.G.Road, Iffco Chowk, Haryana , 122002 Gurgaon"			122002		TBD															TVS	BALAJI TVS	Delhi	North West delhi		Shastri Nagar		Phone Number - 9211998222	Bike	"E2/244, Shastri Nagar, Opp Metro Pillar No 168, Delhi - 110052"		Opp Metro Pillar No 168	110052		TBD															TVS	AK TVS	Delhi	East Delhi		Kanti Nagar	"Phone Number - 22099082,"		Bike	"B 24, Main Road, Kanti Nagar, Delhi - 110051"			110051		TBD															TVS	BINSAR TVS	Delhi	East Delhi		"Babarpur Ext, Shahdara"	"Phone Number - 22831100,"		Bike	"954 E, Main 100 Feet Road, Babarpur Ext, Shahdara, Delhi - 110032"			110032		TBD															TVS	GK TVS	Delhi	East Delhi		Shakarpur	"Phone Number - 22481633,"		Bike	"S 526, School Block, Shakarpur, Delhi - 110092"			110092		TBD															TVS	MCR TVS	Delhi	North West delhi		Mangolpuri Industrial Area		Phone Number - 9716103530	Bike	"T-2/175, Phase 1, Mangolpuri Industrial Area, Delhi - 110083"			110083		TBD															TVS	MCR TVS	Delhi	North West delhi		Narela	"Phone Number - 27035066,"		Bike	"Arya Samaj Road, Narela, Delhi - 110040"			110040		TBD															TVS	MCR TVS	Delhi	South Delhi		Lajpat Nagar Part-2	"Phone Number - 011 - 41049198, "	8802697698	Bike	"K-23, Ground Floor, Firoz Gandhi Road, Lajpat Nagar Part-2, Delhi - 110024"			110024		TBD															TVS	RAJPOOT TVS	Delhi	North West delhi		Adarsh Nagar	"Phone Number - 27682137,"		Bike	"A-3, G T Karnal Road, Adarsh Nagar, Delhi - 110033"			110033		TBD															TVS	RAJPOOT TVS	Delhi	North Delhi		Burari		Phone Number - 9911320414	Bike	"738/1, Main Road Burari, Delhi - 110084"			110084		TBD															TVS	SABHARWAL TVS	Delhi	North West delhi		Rohini		Phone Number - 9210475411	Bike	"27, Sri Jagdamba Market, Village Ritha, Rohini, Delhi - 110085"		Village Rithala	110085		TBD															TVS	AHINSHA TVS	Delhi	Central Delhi		Khanpur		"Phone Number - 9266636442, 9266636446"	Bike	"E 40, Krishna Park, Devli Road, Khanpur, Delhi - 110080"			110080		TBD															TVS	AHINSHA TVS	Delhi	Central Delhi		Adchini		"Phone Number - 9266636443, 9266936442"	Bike	"10, Adchini, Aurobindo Marg., Delhi - 110080"			110080		TBD															TVS	BALAJI TVS	Delhi	Central Delhi		Karol Bagh		Phone Number - 9810130276	Bike	"Faiz Road, Karol Bagh, Delhi - 110005"			110005		TBD															TVS	OM TVS	Delhi	South Delhi		Molar Band Ext	"Phone Number - 65704444,"		Bike	"A5, Molar Band Ext, Main Jaitpur Road., Delhi - 110044"			110044		TBD															TVS	OM TVS	Delhi	South Delhi		Pul Phraladpur MB Road		Phone Number - 9266677744	Bike	"C 198 Pul Phraladpur Mb Road, Delhi - 110044"			110044		TBD															TVS	OM TVS	Delhi	South Delhi		Okhla Ind. Area	"Phone Number - 64515555,"		Bike	"S 6, Okhla Ind. Area Ph 2, Delhi - 110020"			110020		TBD															TVS	OM TVS	Delhi	South Delhi		Jamia Nagar	"Phone Number - ,"		Bike	"J 3, Thokar No 4, Abu Fazal 2, Jamia Nagar, Delhi - 110025"			110025		TBD															TVS	OM TVS	Delhi	South Delhi		Lajpat Nagar part-2	"Phone Number - 011 - 41049198, "		Bike	"K-23, Ground Floor, Lajpat Nagar 2, Delhi - 110024"			110024		TBD															TVS	DYNAMIC TVS	Delhi	West Delhi		Dwarka	"Phone Number - 45500113,"	8468888887	Bike	"A 15, Rajapuri, Opp Sec 5 Dwarka, Delhi - 110059"			110059		TBD															TVS	DYNAMIC TVS	Delhi	South West delhi		Mahavir Enclave		Phone Number - 9136728600	Bike	"Rzh/4 Mahavir Enclave, Main Palam Dabri Road, Delhi - 110045"			110045		TBD															TVS	KK TVS	Delhi	West Delhi		Nangloi	"Phone Number - 25945334,"		Bike	"A1, Adhyapak Nagar , Nangloi, Delhi - 110041"			110041		TBD															TVS	KK TVS	Delhi	South West delhi		Najafgarh		Phone Number - 9716144939	Bike	"Rz 8, Old Roshan Pura Ext., Najafgarh, Delhi - 110043"			110043		TBD															TVS	SABHARWAL TVS	Delhi	West Delhi		Main Rohtak Road		"Phone Number - 9212878111,"	Bike	"4, Inder Enclave, Main Rohtak Road, Delhi - 110087"			110087		TBD															TVS	SK TVS	Delhi	West Delhi		Uttam Nagar	"Phone Number - 011 - 25357041, 64630716"		Bike	"A-10, Amar Enclave, Near Metro Pillar No. 741, Uttam Nagar, Delhi - 110059"			110059		TBD															TVS	SK TVS	Delhi	West Delhi		Tilak Nagar	"Phone Number - 011-25999061/62, 64630740"		Bike	"4A/13, Near Flyover, Tilak Nagar, Delhi - 110018"			110018		TBD															TVS	SK TVS	Delhi	West Delhi		Subhash Nagar	Phone Number - 011 - 28124063		Bike	"14-15, Opposite Ajanta Cinema Outer Gate,Subhash Nagar, Near Radha Swami Satsang Bhawan,, Delhi - 110059"			110059		TBD															TVS	SK TVS	Delhi	South West delhi		"Dabri Mor, Pankha Road"	Phone Number - 011 - 64626744		Bike	"Dabri Mor, Pankha Road, Near Shrirram Hospital, Delhi - 110045"			110045		TBD															TVS	SD TVS	Delhi	East Delhi		Main GT Road	"Phone Number - 011 - 22124540, 22124541"		Bike	"1/486, Main G T Road,, Delhi - 110095"			110095		TBD															TVS	K K TVS	Delhi	South West delhi		Najafgarh	Phone Number - 011 - 9811084504		Bike	"Rz-8, Old Roshanpura Extension, Najafgarh, Delhi - 110043"			110043		TBD															TVS	BULLAND TVS	Gurgaon	Gurgaon		Old Kachheri Road	Phone Number - 4063873		Bike	"Sona Adda, Old Kacheri Road, Haryana - 122001"			122001		TBD															TVS	CHOUDHARY TVS	Gurgaon	Gurgaon		Old Delhi Road	Phone Number - 2220052		Bike	"308/2, Bhagwati Palace, Near Raj Cinema Old Delhi Road, Haryana"			NA		TBD															TVS	LAKSHAY AUTOMOBILE	Gurgaon	Gurgaon		Khandsa Chowk	0		Bike	"Opp: Sector 10-4, Khandsa Chowk, Near Hero Honda Chowk, Haryana"			NA		TBD															TVS	SHUBHAM MOTORS	Gurgaon	Gurgaon		Railway Road	0		Bike	"Railway Road, Opp: Sector 5, Gurgaon District, Haryana"			NA		TBD															Honda	Absolute Honda	New Delhi	South West delhi		Mahipalpur Extension.	1140470000	8285365668	Bike	"L385,B, Mahipalpur Extension."	L385-B Mahipalpur Extension		110037	Mr. Ram Sewak	TBD															Honda	Absolute Honda	New Delhi	South West delhi		R.K. Puram	011-26713841	"9871600734, 9871500735"	Bike	"Sec-3, R.K. Puram, Delhi"	"Sec-3, R.K. Puram"		110022	Puneet ji	TBD															Honda	Anupam Autos	New Delhi	South Delhi		Dakshin Puri Extension	(011) 26054476	9811154476	Bike	"8/87-88, Dakshin Puri Extention, Near Virat Cinema"	"8/87-88, Dakshin Puri Extention"	Near Virat Cinema	110062	Mr. Manmohan Adlakha	TBD															Honda	Bhasin Honda	New Delhi	West Delhi		Moti Nagar	011-49488888	9971600505	Bike	"56 B, Rama Road, Moti Nagar"	"56 B, Rama Road"		110015	Mr. Naresh Nagpal	TBD															Honda	Bhasin Honda	New Delhi	West Delhi		Tilak Nagar	011-42482472	9560492898	Bike	"Near Metro Pillar No. 486, Tilak Nagar"	Tilak Nagar	Near Metro Pillar No. 486	110018	Mr. Hemant Suri	TBD															Honda	Bhawana Honda	New Delhi	North West delhi		Puth Khurd	011-65000219	9312168950	Bike	"Near Valmiki Hospital, Bawana Road, Puth Khurd"	Bawana Road	Near Valmiki Hospital	110039	Mr. Sunil	TBD															Honda	Bhumia Automobiles	New Delhi	South West delhi		Kapashera	01141640009/41646009	9711162079	Bike	"14/21, Old Delhi Gurgaon Road, Kapashera, Old Gurgaon Road"	"14/21, Old Delhi Gurgaon Road"		110037	Mr. Kishan Murari	TBD															Honda	Chhabra Auto	New Delhi	South Delhi		Badarpur	9313530521	9313889882	Bike	"Plot No.3, G Block Molar Band Extension, Badarpur"	"Plot No.3, G Block Molar Band Extension"		110044	Mr. Sanjay Chabra	TBD															Honda	Dhingra Honda	New Delhi	West Delhi		Uttam Nagar	9717394590	9871845544	Bike	"D-20 Kiran Garden Matiala Road , Uttam Nagar ,New Delhi"	"D-20 Kiran Garden, Matiala Road"		110059	Mr.Umesh	TBD															Honda	Dhingra Honda	New Delhi	North West delhi		Udyog Nagar	011-41499999	9717394591	Bike	"K-54 Udyog Nagar, Near Peeragarhi"	K-54 Udyog Nagar	Near Peeragarhi	110089	Mr. Ravinder Sinha	TBD															Honda	Dhingra Honda	New Delhi	West Delhi		Main Rohtak Road	011-25949504/6	9711630617	Bike	"Plot No.3 ,Kashta No. 35/19,Main Rohtak Road, Near Metro Pillar No.415, Nagloi"	"Plot No.3 , Kashta No. 35/19"	"Near Metro Pillar No.415, Nagloi"	110041	Mr. Dilip Mitra	TBD															Honda	Dhingra Honda	New Delhi	West Delhi		Uttam Garden	9871900000	9.72E+09	Bike	"Plot No. A - 94, Mohan Garden Uttam Nagar"	"Plot No. A - 94, Mohan Garden"		110059	Mr. Ajay Suri	TBD															Honda	Dhingra Honda	New Delhi	West Delhi		Ram Nagar		9.72E+19	Bike	"D-5, OM Vihar, Ram Nagar"	"D-5, OM Vihar"		110059	Mr.Ashwani Mahlotra	TBD															Honda	Dhruv Motors	New Delhi	East Delhi		Johripur	9136378365	9911122795	Bike	"C-6, Main Johripur Road, Delhi"	"C-6, Main Johripur Road"		110094	Mr. Sunil	TBD															Honda	Excel Honda	New Delhi	West Delhi		Rama Road	"(011)47025804,47025805"	9811590803	Bike	"20 Rama Road,New Delhi"	20 Rama Road		110015	Mr.Nikhil	TBD															Honda	Federal Auto Works	New Delhi	Central Delhi		Karol Bagh	011-23635853	9213136372	Bike	"Plot No-1 Desh Bandhu Gupta Road, Karol Bagh"	Plot No-1 Desh Bandhu Gupta Road		110005	Ramesh Tiwari	TBD															Honda	Federal Motor Works	New Delhi	Central Delhi		Connaught Place	011-43587944	9899996088	Bike	"18 & 19 Scindia House, Connaught Place"	18 & 19 Scindia House		110001	Chanchal Sharma	TBD															Honda	Globus Honda	New Delhi	North West delhi		Gujarawala Town	011-47387000	8826993160	Bike	"35/3, Industrial Area, Gujarawala Town"	"35/3, Industrial Area"		110009	Mr. Anurag	TBD															Honda	Globus Honda	New Delhi	North West delhi		Rani Bagh	011-47388000	8826993168	Bike	"A10, Maharana Pratap Enclave, Near Ram Mandir Marg, Rani Bagh"	"A10, Maharana Pratap Enclave"	Near Ram Mandir Marg	110034	Mr. Soumyadeep	TBD															Honda	Globus Honda	New Delhi	North Delhi		Burari	9811082128	8826993167	Bike	"KH-737/3, Main Road, Burari"	"KH-737/3, Main Road"		110084	Mr. Soumyadeep	TBD															Honda	Globus Honda	New Delhi	North West delhi		Rithala	011-27056062	7840010498	Bike	"Khasra No. 1109, Rithala, Near Ritala Metro Station"	"Khasra No. 1109, Rithala"	Near Ritala Metro Station	110085	Mr. Suresh Khanna	TBD															Honda	Goel Motors	New Delhi	North West delhi		Tri Nagar	011-27391843	8800505828	Bike	"4663/16, Jaimata Market, Tri Nagar. New Delhi"	"4663/16, Jaimata Market"		110035	Mr. Sunil Goel	TBD															Honda	J B Honda	New Delhi	West Delhi		Mayapuri	(011) 41833143	9310159011	Bike	"WH-13, Mayapuri,110015"	"WH-13, Mayapuri"		110015	Mr. Santosh Goswami	TBD															Honda	J B Motors	New Delhi	Central Delhi		Karol Bagh	9811102233	9811102233	Bike	Plot No 1 D B Gupta Road Karol Bagh New Delhi	Plot No 1 D B Gupta Road 		110005	Dinesh Kumar Sharma	TBD															Honda	J.B.Honda	New Delhi	Central Delhi		Anand Parbat	011-28764100/43724422	9310159005	Bike	"1/1 Railway Side, New Rohtak Road, Anand Parbat"	"1/1 Railway Side, New Rohtak Road"		110005	Mr. Ravi	TBD															Honda	J.B.Honda	New Delhi	South West delhi		Narayna Industrial Area	011-41833143	9310159011	Bike	"B224, Narayna Industrial Area, Phase-1. New Delhi."	"B224, Narayna Industrial Area Phase - 1"		110028	Mr. Santosh	TBD															Honda	J.B.Honda	New Delhi	North West delhi		Shastri Nagar	011-32319494	9999786767	Bike	"E-2/234,235,Main Road Shastri Nagar"	"E-2/234, 235 Main Road Shastri Nagar"		110052	Mr. Sunil Arora	TBD															Honda	Malhotra Auto	New Delhi	South Delhi		Mehraulli Gurgaon Road	9971713015	9990200011	Bike	"A-289, Vishwkarma Colony. Mehraulli Gurgaon Road"	"A-289, Vishwkarma Colony, Mehraulli Gurgaon Road"		110044	Mr. Gagan Malhotra	TBD															Honda	Malwa Honda	New Delhi	South Delhi		Jamia	011-26950016/0017	9313062956	Bike	"A-250 Thokar No.6, Saheen Bagh, Jamia"	"A-250 Thokar No.6, Saheen Bagh"		110025	Mr. Dilip Bhat	TBD															Honda	Malwa Honda	New Delhi	South Delhi		Khanpur	011-64615599	9313062956	Bike	"House No. 27, Pili Kothi, Khanpur"	"House No. 27, Pili Kothi"		110062	Mr. Dilip Bhat	TBD															Honda	Praganya Honda	New Delhi	South Delhi		Okhla Phase - 1	"011-26383867,26383871"	9818856993	Bike	"E-49/10,Okhla Ind.Area Ph-II"	"E-49/10, Okhla Ind.Area Ph-II"		110020	Mr. Pradeep Sharma	TBD															Honda	Pragnya Honda	New Delhi	South Delhi		"Shop No. 2, Gate No. 2, Jaitpur, Jaitpur Rd, Badarpur"		9818556993	Bike	"Shop No. 2, Gate No. 2, Jaitpur, Jaitpur Rd, Badarpur, Hari Nagar, Molarband"	"Shop 2, Gate No. 2"	Badarpur	110044	Mr. Neil Kher	TBD															Honda	Pragnya Honda	New Delhi	South Delhi		Okhla Phase 2	"(011) 26383867, 26383871"	9810184859	Bike	"315, Ambika Vihar, Okhla Phase 2"	"315, Ambika Vihar"		110020	Mr. Neil Kher	TBD															Honda	Rajindra Honda	New Delhi	East Delhi		Dilshad Garden	9310047400	9310457400	Bike	"Opp. Metro Station, Dilshad Garden"	 Dilshad Garden	Opp. Metro Station	110095	Mr. Amir Hasan	TBD															Honda	Rajindra Honda	New Delhi	East Delhi		Bhajanpura	(011) 22560557	9968565907	Bike	"A1/9, MAIN Wazirabad Road, Bhajanpura"	"A1/9, Main Wazirabad Road"		110053	Mr. Amit kumar	TBD															Honda	Rajindra Honda	New Delhi	East Delhi		Shahdara	011-22131201/02/03	9871122312	Bike	"A-17, DSIDC, Jhilmil Industrial Complex, Shahdara, Delhi"	"A-17, DSIDC, Jhilmil Industrial Complex"		110095	Mr. L.K Thakur	TBD															Honda	Rajindra Honda	New Delhi	East Delhi		Chand Bagh	011-22560557	9810233232	Bike	"E-9, Chand Bagh, Opp. Bhajanpura Petrol Pump"	"E-9, Chand Bagh"	Opp. Bhajanpura Petrol Pump	110053	Mr. Raghavendra	TBD															Honda	Rohini Honda	New Delhi	North West delhi		Rithala	8527479000 / 8882201000	8527991230	Bike	"Khasra No.1221 (Near Surya Dhaba), Rithala"	"Khasra No.1221, Rithala"	Near Surya Dhaba	110085	Sham Chawla	TBD															Honda	Rohini Honda	New Delhi	North West delhi		Budh Vihar	8527724000	8527724000	Bike	"V-50, Budh Vihar Phase-1 (Behind Rohini Honda Showroom)"	"V-50, Budh Vihar Phase-1 "	Behind Rohini Honda Showroom	110086	Rajesh	TBD															Honda	Santoshi Honda	New Delhi	North West delhi		Safiabad Road	011-27281717	8467085735	Bike	"42/10 Safiabad Road, Opposite Water Tank, Next to Shradha Hospital, Narela"	"42/10 Safiabad Road, Opposite Water Tank"	"Next to Shradha Hospital, Opp Water Tank"	110040	Deepak Singh	TBD															Honda	Shuban Sai Honda	New Delhi	South West delhi		Nazafgarh	9212385584	9212012656	Bike	"RZ-4, Khasra No. 298, Shuda Garden, Nazafgarh"	"RZ-4, Khasra No. 298, Shuda Garden"		110043	Mr. Sanjay	TBD															Honda	Shuban Sai Honda	New Delhi	West Delhi		Guru Nanak Nagar	011-28333782-83	9212385582	Bike	WZ-64 Guru Nanak Nagar	WZ-64 Guru Nanak Nagar		110018	Ms. Juile	TBD															Honda	Smooth Honda	New Delhi	East Delhi		Gandhi Nagar	011-22073339	9871010204	Bike	"9/81, Main Puspa Road, Gandhi Nagar, Delhi"	"29830, Main Puspa Road"		110031	Mr. Neeraj	TBD															Honda	Sumangal Motors	New Delhi	North Delhi		Subzi Mandi	011-23825871	9958540454	Bike	"Shop No. 4988, Roshnara Road"	"Shop No. 4988, Roshnara Road"		110007	Mr. Vijay	TBD															Honda	Swarup Honda	New Delhi	East Delhi		Mayur Vihar	011-22010710	9810806600	Bike	"1218 G.D Colony, Mayur Vihar Phase - III"	"1218 G.D Colony, Mayur Vihar Phase - III"		110096	Mr. Sandeep	TBD															Honda	Swarup Honda	New Delhi	East Delhi		Patparganj Industrial Area	011-22146417/18/81	9717099730	Bike	"186-187, Patparganj Industrial Area, Delhi"	"186-187, Patparganj Industrial Area"		110092	Mr. Anuj Khanna	TBD															Honda	Uday Honda	New Delhi	South West delhi		Adchini-sarvodaya Enclave	(011) 64674619 / 20	9212355513	Bike	"81, Sri Aurbindo Marg, Adchini-sarvodaya Enclave, Delhi - 110017, Near TC Bar"	"81, Sri Aurbindo Marg"		110030	Mr. Vijay Anand	TBD															Honda	Uday Honda	New Delhi	South West delhi		Aya Nagar	9212355516	9212355514	Bike	"House No. 1, Ghoda Mohalla, Near Arjangarh Metro Station, Aya Nagar"	"House No. 1, Ghoda Mohalla"	Near Arjangarh Metro Station	110047	Mr. Chandan Mahlotra	TBD															Honda	Uday Honda	New Delhi	South West delhi		Lado Sarai Road	011-64674619	9212355513	Bike	"F-344, Lado Sarai"	"F-344, Lado Sarai"		110030	Mr. Vijay Anand	TBD															Honda	V. D. Honda	New Delhi	South West delhi		Dwarka	011-64712014	9212670215	Bike	"Plot No. 66, Sec-3, Behined DPS School."	"Plot No. 66, Sec-3, Dwarka"	Behind DPS School	110075	Mr. Padam Varma	TBD															Honda	V. D. Honda	New Delhi	West Delhi		Mayapuri Phase - 2	011-49521100	9212670293	Bike	"C-128, Mayapuri Phase-2"	"C-128, Mayapuri Phase-2"		110064	Mr. Ranjeet	TBD															Honda	V. D. Honda	New Delhi	North Delhi		Sitapuri	011-65000236	8130211251	Bike	"RZ-1A, Gali No. 2, Sitapuri, Pankha Road"	"RZ-1A, Gali No. 2"	Pankha Road	110006	Mr. Vikram	TBD															Honda	Ganpati Honda	Gurgaon	Gurgaon		Islampur	0124-4423500	9810019639	Bike	"Sohna Road, Islampur"	Islampur		122001	Mr. Amit Taneja	TBD															Honda	Big Swing Honda	Gurgaon	Gurgaon		Subhash Chowk	0124-6468833	9250052802	Bike	Near Subhash Chowk	Near Subhash Chowk	Near Subhash Chowk	122001	Mrs. Priya	TBD															Honda	Yume Honda	Gurgaon	Gurgaon		Old Delhi Road	0124 - 4577444	9818350011	Bike	"42 & 43, , Old Delhi Road, Opp Maruti Gate No. 2"	"42 & 43, , Old Delhi Road, Opp Maruti Gate No. 2"	Opp Maruti Gate No. 2	122001	Mr. Anurag Mittal	TBD															Honda	Ganpati Honda	Gurgaon	Gurgaon		Sector 14	(0124) 4630500	9810019639	Bike	"Old D L F, Sector-14"	"Old D L F, Sector-14"		122002	Mr. Amit Taneja	TBD															Honda	Nawab Honda	Gurgaon	Gurgaon		South City Market	(0124) 4033555	9717493882	Bike	"7, South City-1 Market, Near Unitech House, South City - 1,?Gurgaon??"	"7, South City-1 Market, South City - 1"	Near Unitech House	122001	Mr. Anuj Kapoor	TBD															Honda	Parkash Honda	Noida	Gurgaon		Sector - 10	"(0120) 4796600, 9971992610"	9812009517	Bike	"D-2, Sector-10"	"D-2, Sector-10"		201301	Mr. Devinder Gulati	TBD															Honda	Pioneer One Honda	Noida	Gurgaon		Sector - 63	0120-4253333	8130488666	Bike	"H-164, Sector 63"	"H-164, Sector 63"		201301	Mr. Manish Bisht	TBD															